                                       1                                        2                                        3                                        4                                        5                                        6                                        7                                        8                                        9                                       10                                       11 
                          version_number                                 compiler                                    build                         MESA_SDK_version                             math_backend                                     date                                burn_min1                                burn_min2                                     msun                                     rsun                                     lsun 
                              "r24.08.1"                               "gfortran"                                 "11.4.1"                    "x86_64-linux-24.7.1"                                 "CRMATH"                               "20260513"                  5.0000000000000000E+001                  1.0000000000000000E+003                  1.9884098706980504E+033                  6.9570000000000000E+010                  3.8280000000000003E+033 

                                       1                                        2                                        3                                        4                                        5                                        6                                        7                                        8                                        9                                       10                                       11                                       12                                       13                                       14                                       15                                       16                                       17                                       18                                       19                                       20                                       21                                       22                                       23                                       24                                       25                                       26                                       27                                       28                                       29                                       30                                       31                                       32                                       33                                       34                                       35                                       36                                       37                                       38                                       39                                       40                                       41                                       42                                       43                                       44                                       45                                       46                                       47                                       48                                       49                                       50                                       51                                       52                                       53                                       54                                       55                                       56                                       57                                       58                                       59                                       60                                       61                                       62                                       63                                       64                                       65                                       66                                       67                                       68                                       69                                       70                                       71                                       72                                       73                                       74                                       75                                       76                                       77                                       78                                       79                                       80                                       81                                       82                                       83                                       84                                       85                                       86                                       87                                       88                                       89                                       90                                       91                                       92                                       93                                       94                                       95                                       96                                       97                                       98                                       99                                      100                                      101                                      102                                      103                                      104                                      105                                      106                                      107                                      108                                      109                                      110                                      111                                      112                                      113                                      114                                      115                                      116 
                            model_number                                num_zones                                 star_age                                   log_dt                                star_mass                               log_xmstar                             log_abs_mdot                           mass_conv_core                             conv_mx1_top                             conv_mx1_bot                             conv_mx2_top                             conv_mx2_bot                                  mx1_top                                  mx1_bot                                  mx2_top                                  mx2_bot                                   log_LH                                  log_LHe                                   log_LZ                                 log_Lnuc                                 log_Lneu                             log_Lneu_nuc                          log_Lneu_nonnuc                                       pp                                      cno                                tri_alpha                    screened_rate_r34_pp2                    screened_rate_r34_pp3               screened_rate_r_c12_ag_o16            screened_rate_r_h1_he3_wk_he4     screened_rate_r_he3_he3_to_h1_h1_he4       screened_rate_r_he4_he4_he4_to_c12             screened_rate_r_ne20_ag_mg24              screened_rate_r_o16_ag_ne20             screened_rate_rbe7ec_li7_aux              screened_rate_rbe7pg_b8_aux                screened_rate_rc12_to_n14                 screened_rate_rc12ap_aux              screened_rate_rc12ap_to_o16                 screened_rate_rf19pa_aux                 screened_rate_rf19pg_aux                screened_rate_rn14_to_c12                screened_rate_rn14_to_o16                screened_rate_rn14ag_lite                 screened_rate_rn14pg_aux                 screened_rate_rn15pa_aux                 screened_rate_rn15pg_aux                screened_rate_rna23pa_aux                screened_rate_rna23pg_aux                screened_rate_rne20ap_aux            screened_rate_rne20ap_to_mg24                screened_rate_ro16_to_n14                 screened_rate_ro16ap_aux             screened_rate_ro16ap_to_ne20                 screened_rate_ro16gp_aux                screened_rate_rpep_to_he3                 screened_rate_rpp_to_he3                               epsnuc_M_1                               epsnuc_M_2                               epsnuc_M_3                               epsnuc_M_4                               epsnuc_M_5                               epsnuc_M_6                               epsnuc_M_7                               epsnuc_M_8                             he_core_mass                             co_core_mass                            one_core_mass                             fe_core_mass                   neutron_rich_core_mass                             kh_timescale                                 log_Teff                                    log_L                                    log_R                                    log_g                        v_div_csound_surf                           surf_avg_j_rot                           surf_avg_omega                      surf_avg_omega_crit            surf_avg_omega_div_omega_crit                           surf_avg_v_rot                          surf_avg_v_crit                    surf_avg_v_div_v_crit                   surf_avg_Lrad_div_Ledd                log_rotational_mdot_boost                             log_center_T                           log_center_Rho                             log_center_P                               log_cntr_P                             log_cntr_Rho                               log_cntr_T                                center_mu                                center_ye                              center_abar                           center_entropy                             center_omega              center_omega_div_omega_crit                                center_h1                               center_he4                               center_c12                               center_o16                              surface_c12                              surface_o16                            total_mass_h1                           total_mass_he4                                rel_E_err                            log_rel_E_err                        log_rel_run_E_err                         virial_thm_P_avg                       virial_thm_rel_err               log_total_angular_momentum                              num_retries                                num_iters                    num_solver_iterations                                  L_extra                               E_extra_dt 
                                       2                                      701                  2.1999999999999999E-005                 -4.9208187539523749E+000                  1.0000000000000000E+000                  3.3298505910360667E+001                 -1.2174598167680307E+001                  0.0000000000000000E+000                  9.9999999926399996E-001                  3.8388973335868777E-002                  0.0000000000000000E+000                  0.0000000000000000E+000                  9.9999999926399996E-001                  3.8388973335868777E-002                  0.0000000000000000E+000                  0.0000000000000000E+000                 -4.9256836680478662E+000                 -9.8999999999999986E+001                 -9.8999999999999986E+001                 -4.9256836680478662E+000                 -6.3234356944536509E+000                 -6.3234356944536509E+000                 -9.8999999999999986E+001                 -4.9256836681578884E+000                 -1.4521986244324079E+001                 -9.8999999999999986E+001                  1.2995456712645899E+023                  2.6850033190683498E+010                  0.0000000000000000E+000                  4.9892928712116835E+023                  3.0297151292027309E+024                  0.0000000000000000E+000                  0.0000000000000000E+000                  3.4110522288133485E-045                  0.0000000000000000E+000                  0.0000000000000000E+000                  6.5240963443678298E+023                  0.0000000000000000E+000                  0.0000000000000000E+000                  0.0000000000000000E+000                  0.0000000000000000E+000                  1.2129039999991876E+019                  1.2129039999991876E+019                  0.0000000000000000E+000                  0.0000000000000000E+000                  0.0000000000000000E+000                  0.0000000000000000E+000                  0.0000000000000000E+000                  0.0000000000000000E+000                  0.0000000000000000E+000                  0.0000000000000000E+000                  7.2954484010344288E+016                  0.0000000000000000E+000                  0.0000000000000000E+000                  0.0000000000000000E+000                  2.4757841687873249E+029                  4.2511169157415166E+033                 -2.0000000000000000E+001                 -2.0000000000000000E+001                 -2.0000000000000000E+001                 -2.0000000000000000E+001                 -2.0000000000000000E+001                 -2.0000000000000000E+001                 -2.0000000000000000E+001                 -2.0000000000000000E+001                  0.0000000000000000E+000                  0.0000000000000000E+000                  0.0000000000000000E+000                  0.0000000000000000E+000                  0.0000000000000000E+000                  1.1264971489270533E+007                  3.6416906364426800E+000                  5.3985948897910113E-002                  2.6626486242809255E-001                  3.9055379024469481E+000                  0.0000000000000000E+000                  0.0000000000000000E+000                  0.0000000000000000E+000                  0.0000000000000000E+000                  0.0000000000000000E+000                  0.0000000000000000E+000                  0.0000000000000000E+000                  0.0000000000000000E+000                  0.0000000000000000E+000                 -9.8999999999999986E+001                  6.6225825279954398E+000                  1.4483780751384015E-001                  1.4891917203381670E+001                  1.4891917203381670E+001                  1.4483780751384015E-001                  6.6225825279954398E+000                  6.2123283091528481E-001                  8.5000496627254196E-001                  1.2966429887659305E+000                  1.9140691887785891E+001                  0.0000000000000000E+000                  0.0000000000000000E+000                  7.0000000000000018E-001                  2.7997020236474890E-001                  3.4468833607861297E-003                  9.3805276451495428E-003                  3.4468833607861288E-003                  9.3805276451495393E-003                  7.0000000000000029E-001                  2.7997020236474884E-001                  3.0535972951603907E-013                 -1.2515188237751595E+001                 -1.2207790951757987E+001                  1.7782034437492302E+048                  6.3606316326653044E-010                 -9.8999999999999986E+001                                        0                                        5                                        5                  0.0000000000000000E+000                  0.0000000000000000E+000 
                                      10                                      700                  2.5958682111999997E-004                 -4.2873687855713758E+000                  1.0000000000000000E+000                  3.3298505910360667E+001                 -1.2174594291067077E+001                  0.0000000000000000E+000                  9.9999999926399996E-001                  3.8388971087912359E-002                  0.0000000000000000E+000                  0.0000000000000000E+000                  9.9999999926399996E-001                  3.8388971087912359E-002                  0.0000000000000000E+000                  0.0000000000000000E+000                 -4.9256836832307798E+000                 -9.8999999999999986E+001                 -9.8999999999999986E+001                 -4.9256836832307798E+000                 -6.3234357096354206E+000                 -6.3234357096354206E+000                 -9.8999999999999986E+001                 -4.9256836833408020E+000                 -1.4521986585083832E+001                 -9.8999999999999986E+001                  1.2995447150419724E+023                  2.6850022165820164E+010                  0.0000000000000000E+000                  4.9892919232704716E+023                  3.0297130112485765E+024                  0.0000000000000000E+000                  0.0000000000000000E+000                  3.4110526055141691E-045                  0.0000000000000000E+000                  0.0000000000000000E+000                  6.5240912254051162E+023                  0.0000000000000000E+000                  0.0000000000000000E+000                  0.0000000000000000E+000                  0.0000000000000000E+000                  1.2129029668132297E+019                  1.2129029668132297E+019                  0.0000000000000000E+000                  0.0000000000000000E+000                  0.0000000000000000E+000                  0.0000000000000000E+000                  0.0000000000000000E+000                  0.0000000000000000E+000                  0.0000000000000000E+000                  0.0000000000000000E+000                  7.2954419144925504E+016                  0.0000000000000000E+000                  0.0000000000000000E+000                  0.0000000000000000E+000                  2.4757841066259935E+029                  4.2511167671206761E+033                 -2.0000000000000000E+001                 -2.0000000000000000E+001                 -2.0000000000000000E+001                 -2.0000000000000000E+001                 -2.0000000000000000E+001                 -2.0000000000000000E+001                 -2.0000000000000000E+001                 -2.0000000000000000E+001                  0.0000000000000000E+000                  0.0000000000000000E+000                  0.0000000000000000E+000                  0.0000000000000000E+000                  0.0000000000000000E+000                  1.1264845617787063E+007                  3.6416918860763015E+000                  5.3990850213486888E-002                  2.6626481381863776E-001                  3.9055379996658575E+000                  0.0000000000000000E+000                  0.0000000000000000E+000                  0.0000000000000000E+000                  0.0000000000000000E+000                  0.0000000000000000E+000                  0.0000000000000000E+000                  0.0000000000000000E+000                  0.0000000000000000E+000                  0.0000000000000000E+000                 -9.8999999999999986E+001                  6.6225825309667803E+000                  1.4483781111500413E-001                  1.4891917209978290E+001                  1.4891917209978290E+001                  1.4483781111500413E-001                  6.6225825309667803E+000                  6.2123283091343806E-001                  8.5000496627254196E-001                  1.2966429887659308E+000                  1.9140691891144140E+001                  0.0000000000000000E+000                  0.0000000000000000E+000                  7.0000000000000018E-001                  2.7997020236474890E-001                  3.4468833607861288E-003                  9.3805276451495445E-003                  3.4468833607861279E-003                  9.3805276451495393E-003                  7.0000000000000062E-001                  2.7997020236474895E-001                  3.3974793288962026E-013                 -1.2468843176942377E+001                 -1.1492081464586951E+001                  1.7782034438112013E+048                  6.3635625501571791E-010                 -9.8999999999999986E+001                                        0                                        5                                        5                  0.0000000000000000E+000                  0.0000000000000000E+000 
                                      20                                      701                  1.8668799962237366E-003                 -3.4955563250951283E+000                  9.9999999999999822E-001                  3.3298505910360667E+001                 -1.2174594422769474E+001                  0.0000000000000000E+000                  9.9999999926399996E-001                  3.8389068306608709E-002                  0.0000000000000000E+000                  0.0000000000000000E+000                  9.9999999926399996E-001                  3.8389068306608709E-002                  0.0000000000000000E+000                  0.0000000000000000E+000                 -4.9256837270979430E+000                 -9.8999999999999986E+001                 -2.0169009709486737E+001                 -4.9256837270979430E+000                 -6.3234357534988961E+000                 -6.3234357534988961E+000                 -9.8999999999999986E+001                 -4.9256837272079652E+000                 -1.4521987308183835E+001                 -9.8999999999999986E+001                  1.2995426308268167E+023                  2.6850006341490921E+010                  0.0000000000000000E+000                  4.9892893921265071E+023                  3.0297083167678078E+024                  0.0000000000000000E+000                  0.0000000000000000E+000                  3.4110553612445526E-045                  0.0000000000000000E+000                  0.0000000000000000E+000                  6.5240803628298703E+023                  0.0000000000000000E+000                  0.0000000000000000E+000                  0.0000000000000000E+000                  0.0000000000000000E+000                  1.2129008756236739E+019                  1.2129008756236739E+019                  0.0000000000000000E+000                  0.0000000000000000E+000                  0.0000000000000000E+000                  0.0000000000000000E+000                  0.0000000000000000E+000                  0.0000000000000000E+000                  0.0000000000000000E+000                  0.0000000000000000E+000                  7.2954293629153072E+016                  0.0000000000000000E+000                  0.0000000000000000E+000                  0.0000000000000000E+000                  2.4757839351729336E+029                  4.2511163377179636E+033                 -2.0000000000000000E+001                 -2.0000000000000000E+001                 -2.0000000000000000E+001                 -2.0000000000000000E+001                 -2.0000000000000000E+001                 -2.0000000000000000E+001                 -2.0000000000000000E+001                 -2.0000000000000000E+001                  0.0000000000000000E+000                  0.0000000000000000E+000                  0.0000000000000000E+000                  0.0000000000000000E+000                  0.0000000000000000E+000                  1.1264847330455368E+007                  3.6416918694520279E+000                  5.3990784028700840E-002                  2.6626481397479090E-001                  3.9055379993535504E+000                  0.0000000000000000E+000                  0.0000000000000000E+000                  0.0000000000000000E+000                  0.0000000000000000E+000                  0.0000000000000000E+000                  0.0000000000000000E+000                  0.0000000000000000E+000                  0.0000000000000000E+000                  0.0000000000000000E+000                 -9.8999999999999986E+001                  6.6225825364860835E+000                  1.4483782338536030E-001                  1.4891917227794544E+001                  1.4891917227794544E+001                  1.4483782338536030E-001                  6.6225825364860835E+000                  6.2123283091019077E-001                  8.5000496627254207E-001                  1.2966429887659308E+000                  1.9140691876545940E+001                  0.0000000000000000E+000                  0.0000000000000000E+000                  7.0000000000000007E-001                  2.7997020236474895E-001                  3.4468833607861288E-003                  9.3805276451495410E-003                  3.4468833607861279E-003                  9.3805276451495358E-003                  6.9999999999999951E-001                  2.7997020236474851E-001                  3.1494332709058795E-013                 -1.2501767588896698E+001                 -1.1192854419039540E+001                  1.7782034442456167E+048                  6.3631154285280622E-010                 -9.8999999999999986E+001                                        0                                        5                                        5                  0.0000000000000000E+000                  0.0000000000000000E+000 
                                      30                                      701                  1.1818815689988481E-002                 -2.7037438646188803E+000                  9.9999999999999134E-001                  3.3298505910360667E+001                 -1.2174594421170813E+001                  0.0000000000000000E+000                  9.9999999926399996E-001                  3.8390729492401611E-002                  0.0000000000000000E+000                  0.0000000000000000E+000                  9.9999999926399996E-001                  3.8390729492401611E-002                  0.0000000000000000E+000                  0.0000000000000000E+000                 -4.9256838126036975E+000                 -9.8999999999999986E+001                 -9.8999999999999986E+001                 -4.9256838126036975E+000                 -6.3234358389949534E+000                 -6.3234358389949534E+000                 -9.8999999999999986E+001                 -4.9256838127137197E+000                 -1.4521987959302669E+001                 -9.8999999999999986E+001                  1.2995406201290825E+023                  2.6850007100424488E+010                  0.0000000000000000E+000                  4.9892853725073465E+023                  3.0297035937582557E+024                  0.0000000000000000E+000                  0.0000000000000000E+000                  3.4110630217228928E-045                  0.0000000000000000E+000                  0.0000000000000000E+000                  6.5240705815151765E+023                  0.0000000000000000E+000                  0.0000000000000000E+000                  0.0000000000000000E+000                  0.0000000000000000E+000                  1.2128992195946613E+019                  1.2128992195946613E+019                  0.0000000000000000E+000                  0.0000000000000000E+000                  0.0000000000000000E+000                  0.0000000000000000E+000                  0.0000000000000000E+000                  0.0000000000000000E+000                  0.0000000000000000E+000                  0.0000000000000000E+000                  7.2954206814012576E+016                  0.0000000000000000E+000                  0.0000000000000000E+000                  0.0000000000000000E+000                  2.4757836544779406E+029                  4.2511155007230695E+033                 -2.0000000000000000E+001                 -2.0000000000000000E+001                 -2.0000000000000000E+001                 -2.0000000000000000E+001                 -2.0000000000000000E+001                 -2.0000000000000000E+001                 -2.0000000000000000E+001                 -2.0000000000000000E+001                  0.0000000000000000E+000                  0.0000000000000000E+000                  0.0000000000000000E+000                  0.0000000000000000E+000                  0.0000000000000000E+000                  1.1264847414015099E+007                  3.6416918684323853E+000                  5.3990780521516367E-002                  2.6626481426048493E-001                  3.9055379987821595E+000                  0.0000000000000000E+000                  0.0000000000000000E+000                  0.0000000000000000E+000                  0.0000000000000000E+000                  0.0000000000000000E+000                  0.0000000000000000E+000                  0.0000000000000000E+000                  0.0000000000000000E+000                  0.0000000000000000E+000                 -9.8999999999999986E+001                  6.6225825320186633E+000                  1.4483786239935256E-001                  1.4891917262160042E+001                  1.4891917262160042E+001                  1.4483786239935256E-001                  6.6225825320186633E+000                  6.2123283091442216E-001                  8.5000496627254207E-001                  1.2966429887659310E+000                  1.9140691705634964E+001                  0.0000000000000000E+000                  0.0000000000000000E+000                  7.0000000000000018E-001                  2.7997020236474890E-001                  3.4468833607861288E-003                  9.3805276451495428E-003                  3.4468833607861275E-003                  9.3805276451495445E-003                  6.9999999999999574E-001                  2.7997020236474690E-001                  3.1156088036669408E-013                 -1.2506457077660039E+001                 -1.1015534987403342E+001                  1.7782034469575190E+048                  6.3630113949698948E-010                 -9.8999999999999986E+001                                        0                                        5                                        5                  0.0000000000000000E+000                  0.0000000000000000E+000 
                                      40                                      701                  7.3438578398454232E-002                 -1.9119314041426323E+000                  9.9999999999995026E-001                  3.3298505910360646E+001                 -1.2174594432038566E+001                  0.0000000000000000E+000                  9.9999999926399996E-001                  3.8422651722646806E-002                  0.0000000000000000E+000                  0.0000000000000000E+000                  9.9999999926399996E-001                  3.8422651722646806E-002                  0.0000000000000000E+000                  0.0000000000000000E+000                 -4.9256838757822017E+000                 -9.8999999999999986E+001                 -2.0470039705150718E+001                 -4.9256838757822017E+000                 -6.3234359021539177E+000                 -6.3234359021539177E+000                 -9.8999999999999986E+001                 -4.9256838758922239E+000                 -1.4521987923488057E+001                 -9.8999999999999986E+001                  1.2995405526171927E+023                  2.6850033528590107E+010                  0.0000000000000000E+000                  4.9892831229851922E+023                  3.0297032015952781E+024                  0.0000000000000000E+000                  0.0000000000000000E+000                  3.4110762877022572E-045                  0.0000000000000000E+000                  0.0000000000000000E+000                  6.5240711194345611E+023                  0.0000000000000000E+000                  0.0000000000000000E+000                  0.0000000000000000E+000                  0.0000000000000000E+000                  1.2128996191115467E+019                  1.2128996191115467E+019                  0.0000000000000000E+000                  0.0000000000000000E+000                  0.0000000000000000E+000                  0.0000000000000000E+000                  0.0000000000000000E+000                  0.0000000000000000E+000                  0.0000000000000000E+000                  0.0000000000000000E+000                  7.2954248271125456E+016                  0.0000000000000000E+000                  0.0000000000000000E+000                  0.0000000000000000E+000                  2.4757837109212391E+029                  4.2511148822625369E+033                 -2.0000000000000000E+001                 -2.0000000000000000E+001                 -2.0000000000000000E+001                 -2.0000000000000000E+001                 -2.0000000000000000E+001                 -2.0000000000000000E+001                 -2.0000000000000000E+001                 -2.0000000000000000E+001                  0.0000000000000000E+000                  0.0000000000000000E+000                  0.0000000000000000E+000                  0.0000000000000000E+000                  0.0000000000000000E+000                  1.1264847529460546E+007                  3.6416918677100645E+000                  5.3990776591214117E-002                  2.6626481373997490E-001                  3.9055379998231619E+000                  0.0000000000000000E+000                  0.0000000000000000E+000                  0.0000000000000000E+000                  0.0000000000000000E+000                  0.0000000000000000E+000                  0.0000000000000000E+000                  0.0000000000000000E+000                  0.0000000000000000E+000                  0.0000000000000000E+000                 -9.8999999999999986E+001                  6.6225825918341776E+000                  1.4483786080213171E-001                  1.4891917321105240E+001                  1.4891917321105240E+001                  1.4483786080213171E-001                  6.6225825918341776E+000                  6.2123283087482128E-001                  8.5000496627254196E-001                  1.2966429887659312E+000                  1.9140692049839000E+001                  0.0000000000000000E+000                  0.0000000000000000E+000                  6.9999999999999984E-001                  2.7997020236474879E-001                  3.4468833607861258E-003                  9.3805276451495393E-003                  3.4468833607861249E-003                  9.3805276451495358E-003                  6.9999999999996299E-001                  2.7997020236473408E-001                  3.0611138067824077E-013                 -1.2514120523803902E+001                 -1.0891074406173967E+001                  1.7782034637734347E+048                  6.3628890611451965E-010                 -9.8999999999999986E+001                                        0                                        2                                        2                  0.0000000000000000E+000                  0.0000000000000000E+000 
                                      50                                      701                  4.5497190750010669E-001                 -1.1201189436663841E+000                  9.9999999999969502E-001                  3.3298505910360539E+001                 -1.2174594426236307E+001                  0.0000000000000000E+000                  9.9999999926399996E-001                  3.9205797362868194E-002                  0.0000000000000000E+000                  0.0000000000000000E+000                  9.9999999926399996E-001                  3.9205797362868194E-002                  0.0000000000000000E+000                  0.0000000000000000E+000                 -4.9256836546509470E+000                 -9.8999999999999986E+001                 -9.8999999999999986E+001                 -4.9256836546509470E+000                 -6.3234356809935388E+000                 -6.3234356809935388E+000                 -9.8999999999999986E+001                 -4.9256836547609693E+000                 -1.4521986979823449E+001                 -9.8999999999999986E+001                  1.2995431552064126E+023                  2.6850094957441002E+010                  0.0000000000000000E+000                  4.9892872991275761E+023                  3.0297089505569477E+024                  0.0000000000000000E+000                  0.0000000000000000E+000                  3.4110998672725315E-045                  0.0000000000000000E+000                  0.0000000000000000E+000                  6.5240852952814144E+023                  0.0000000000000000E+000                  0.0000000000000000E+000                  0.0000000000000000E+000                  0.0000000000000000E+000                  1.2129026116106482E+019                  1.2129026116106482E+019                  0.0000000000000000E+000                  0.0000000000000000E+000                  0.0000000000000000E+000                  0.0000000000000000E+000                  0.0000000000000000E+000                  0.0000000000000000E+000                  0.0000000000000000E+000                  0.0000000000000000E+000                  7.2954448039392032E+016                  0.0000000000000000E+000                  0.0000000000000000E+000                  0.0000000000000000E+000                  2.4757855924395728E+029                  4.2511170467671377E+033                 -2.0000000000000000E+001                 -2.0000000000000000E+001                 -2.0000000000000000E+001                 -2.0000000000000000E+001                 -2.0000000000000000E+001                 -2.0000000000000000E+001                 -2.0000000000000000E+001                 -2.0000000000000000E+001                  0.0000000000000000E+000                  0.0000000000000000E+000                  0.0000000000000000E+000                  0.0000000000000000E+000                  0.0000000000000000E+000                  1.1264847416115066E+007                  3.6416918760398858E+000                  5.3990790610705768E-002                  2.6626480409007797E-001                  3.9055380191228446E+000                  0.0000000000000000E+000                  0.0000000000000000E+000                  0.0000000000000000E+000                  0.0000000000000000E+000                  0.0000000000000000E+000                  0.0000000000000000E+000                  0.0000000000000000E+000                  0.0000000000000000E+000                  0.0000000000000000E+000                 -9.8999999999999986E+001                  6.6225826174193401E+000                  1.4483796784636854E-001                  1.4891917453694406E+001                  1.4891917453694406E+001                  1.4483796784636854E-001                  6.6225826174193401E+000                  6.2123283086141123E-001                  8.5000496627254141E-001                  1.2966429887659334E+000                  1.9140691794893534E+001                  0.0000000000000000E+000                  0.0000000000000000E+000                  6.9999999999999829E-001                  2.7997020236474879E-001                  3.4468833607861236E-003                  9.3805276451495393E-003                  3.4468833607861284E-003                  9.3805276451495410E-003                  6.9999999999978513E-001                  2.7997020236466319E-001                  3.2509064245955629E-013                 -1.2487995531231855E+001                 -1.0794217768019372E+001                  1.7782035676319749E+048                  6.3632664603237379E-010                 -9.8999999999999986E+001                                        0                                        5                                        5                  0.0000000000000000E+000                  0.0000000000000000E+000 
                                      60                                      701                  2.8173257176583335E+000                 -3.2830648319013606E-001                  9.9999999999811429E-001                  3.3298505910359850E+001                 -1.2174594837794627E+001                  0.0000000000000000E+000                  9.9999999926399996E-001                  4.2808018239839242E-002                  0.0000000000000000E+000                  0.0000000000000000E+000                  9.9999999926399996E-001                  4.2808018239839242E-002                  0.0000000000000000E+000                  0.0000000000000000E+000                 -4.9256821463199945E+000                 -9.8999999999999986E+001                 -2.0169009709486737E+001                 -4.9256821463199945E+000                 -6.3234341725541219E+000                 -6.3234341725541219E+000                 -9.8999999999999986E+001                 -4.9256821464300176E+000                 -1.4521982266187729E+001                 -9.8999999999999986E+001                  1.2995564564355188E+023                  2.6850363661364296E+010                  0.0000000000000000E+000                  4.9893146759137864E+023                  3.0297387955628174E+024                  0.0000000000000000E+000                  0.0000000000000000E+000                  3.4111974676187373E-045                  0.0000000000000000E+000                  0.0000000000000000E+000                  6.5241561047240299E+023                  0.0000000000000000E+000                  0.0000000000000000E+000                  0.0000000000000000E+000                  0.0000000000000000E+000                  1.2129170575313818E+019                  1.2129170575313818E+019                  0.0000000000000000E+000                  0.0000000000000000E+000                  0.0000000000000000E+000                  0.0000000000000000E+000                  0.0000000000000000E+000                  0.0000000000000000E+000                  0.0000000000000000E+000                  0.0000000000000000E+000                  7.2955387521625648E+016                  0.0000000000000000E+000                  0.0000000000000000E+000                  0.0000000000000000E+000                  2.4757965034760022E+029                  4.2511318109884599E+033                 -2.0000000000000000E+001                 -2.0000000000000000E+001                 -2.0000000000000000E+001                 -2.0000000000000000E+001                 -2.0000000000000000E+001                 -2.0000000000000000E+001                 -2.0000000000000000E+001                 -2.0000000000000000E+001                  0.0000000000000000E+000                  0.0000000000000000E+000                  0.0000000000000000E+000                  0.0000000000000000E+000                  0.0000000000000000E+000                  1.1264860210203109E+007                  3.6416918685883686E+000                  5.3990451840349334E-002                  2.6626464960793456E-001                  3.9055383280864451E+000                  0.0000000000000000E+000                  0.0000000000000000E+000                  0.0000000000000000E+000                  0.0000000000000000E+000                  0.0000000000000000E+000                  0.0000000000000000E+000                  0.0000000000000000E+000                  0.0000000000000000E+000                  0.0000000000000000E+000                 -9.8999999999999986E+001                  6.6225827628993068E+000                  1.4483845580619906E-001                  1.4891918087298890E+001                  1.4891918087298890E+001                  1.4483845580619906E-001                  6.6225827628993068E+000                  6.2123283078120828E-001                  8.5000496627253774E-001                  1.2966429887659436E+000                  1.9140690795869588E+001                  0.0000000000000000E+000                  0.0000000000000000E+000                  6.9999999999998841E-001                  2.7997020236474879E-001                  3.4468833607861219E-003                  9.3805276451495393E-003                  3.4468833607861279E-003                  9.3805276451495462E-003                  6.9999999999867946E-001                  2.7997020236422082E-001                  3.2058059449829439E-013                 -1.2494062770058537E+001                 -1.0715686708708068E+001                  1.7782042088048294E+048                  6.3631364173623415E-010                 -9.8999999999999986E+001                                        0                                        5                                        5                  0.0000000000000000E+000                  0.0000000000000000E+000 
                                      70                                      701                  1.7444397846610435E+001                  4.6350597728611193E-001                  9.9999999998832934E-001                  3.3298505910355601E+001                 -1.2174597573084645E+001                  0.0000000000000000E+000                  9.9999999926399996E-001                  4.2743411254252441E-002                  0.0000000000000000E+000                  0.0000000000000000E+000                  9.9999999926399996E-001                  4.2743411254252441E-002                  0.0000000000000000E+000                  0.0000000000000000E+000                 -4.9256728104828955E+000                 -9.8999999999999986E+001                 -9.8999999999999986E+001                 -4.9256728104828955E+000                 -6.3234248360501049E+000                 -6.3234248360501049E+000                 -9.8999999999999986E+001                 -4.9256728105929231E+000                 -1.4521953192135234E+001                 -9.8999999999999986E+001                  1.2996385209851896E+023                  2.6854494328093918E+010                  0.0000000000000000E+000                  4.9894839860100185E+023                  3.0299229584330273E+024                  0.0000000000000000E+000                  0.0000000000000000E+000                  3.4117982895715707E-045                  0.0000000000000000E+000                  0.0000000000000000E+000                  6.5245928795842661E+023                  0.0000000000000000E+000                  0.0000000000000000E+000                  0.0000000000000000E+000                  0.0000000000000000E+000                  1.2130061338574496E+019                  1.2130061338574496E+019                  0.0000000000000000E+000                  0.0000000000000000E+000                  0.0000000000000000E+000                  0.0000000000000000E+000                  0.0000000000000000E+000                  0.0000000000000000E+000                  0.0000000000000000E+000                  0.0000000000000000E+000                  7.2961178992967728E+016                  0.0000000000000000E+000                  0.0000000000000000E+000                  0.0000000000000000E+000                  2.4758639441468937E+029                  4.2512231955069156E+033                 -2.0000000000000000E+001                 -2.0000000000000000E+001                 -2.0000000000000000E+001                 -2.0000000000000000E+001                 -2.0000000000000000E+001                 -2.0000000000000000E+001                 -2.0000000000000000E+001                 -2.0000000000000000E+001                  0.0000000000000000E+000                  0.0000000000000000E+000                  0.0000000000000000E+000                  0.0000000000000000E+000                  0.0000000000000000E+000                  1.1264945894125238E+007                  3.6416917770717667E+000                  5.3988127571102301E-002                  2.6626367050651450E-001                  3.9055402862850355E+000                  0.0000000000000000E+000                  0.0000000000000000E+000                  0.0000000000000000E+000                  0.0000000000000000E+000                  0.0000000000000000E+000                  0.0000000000000000E+000                  0.0000000000000000E+000                  0.0000000000000000E+000                  0.0000000000000000E+000                 -9.8999999999999986E+001                  6.6225836270276215E+000                  1.4484150059928100E-001                  1.4891921996721308E+001                  1.4891921996721308E+001                  1.4484150059928100E-001                  6.6225836270276215E+000                  6.2123283030961118E-001                  8.5000496627251798E-001                  1.2966429887660116E+000                  1.9140684315320090E+001                  0.0000000000000000E+000                  0.0000000000000000E+000                  6.9999999999992790E-001                  2.7997020236474879E-001                  3.4468833607861210E-003                  9.3805276451495393E-003                  3.4468833607861288E-003                  9.3805276451495445E-003                  6.9999999999182461E-001                  2.7997020236148157E-001                  3.1080836731281174E-013                 -1.2507507298015048E+001                 -1.0648376990543998E+001                  1.7782081785118265E+048                  6.3629232898921013E-010                 -9.8999999999999986E+001                                        0                                        5                                        5                  0.0000000000000000E+000                  0.0000000000000000E+000 
                                      80                                      701                  1.0801137310051504E+002                  1.2553184377623601E+000                  9.9999999992774413E-001                  3.3298505910329290E+001                 -1.2174614591887215E+001                  0.0000000000000000E+000                  9.9999999926399996E-001                  4.2748438328266025E-002                  0.0000000000000000E+000                  0.0000000000000000E+000                  9.9999999926399996E-001                  4.2748438328266025E-002                  0.0000000000000000E+000                  0.0000000000000000E+000                 -4.9256150073048568E+000                 -9.8999999999999986E+001                 -9.8999999999999986E+001                 -4.9256150073048568E+000                 -6.3233670287426875E+000                 -6.3233670287426875E+000                 -9.8999999999999986E+001                 -4.9256150074149163E+000                 -1.4521773180112662E+001                 -9.8999999999999986E+001                  1.3001467390899917E+023                  2.6870705952073288E+010                  0.0000000000000000E+000                  4.9905324000905722E+023                  3.0310634522698502E+024                  0.0000000000000000E+000                  0.0000000000000000E+000                  3.4155206449185177E-045                  0.0000000000000000E+000                  0.0000000000000000E+000                  6.5272978225985704E+023                  0.0000000000000000E+000                  0.0000000000000000E+000                  0.0000000000000000E+000                  0.0000000000000000E+000                  1.2135577956911925E+019                  1.2135577956911925E+019                  0.0000000000000000E+000                  0.0000000000000000E+000                  0.0000000000000000E+000                  0.0000000000000000E+000                  0.0000000000000000E+000                  0.0000000000000000E+000                  0.0000000000000000E+000                  0.0000000000000000E+000                  7.2997047134887088E+016                  0.0000000000000000E+000                  0.0000000000000000E+000                  0.0000000000000000E+000                  2.4762815474031273E+029                  4.2517890498434618E+033                 -2.0000000000000000E+001                 -2.0000000000000000E+001                 -2.0000000000000000E+001                 -2.0000000000000000E+001                 -2.0000000000000000E+001                 -2.0000000000000000E+001                 -2.0000000000000000E+001                 -2.0000000000000000E+001                  0.0000000000000000E+000                  0.0000000000000000E+000                  0.0000000000000000E+000                  0.0000000000000000E+000                  0.0000000000000000E+000                  1.1265475897400260E+007                  3.6416912154856838E+000                  5.3973757024223475E-002                  2.6625760840524132E-001                  3.9055524104612700E+000                  0.0000000000000000E+000                  0.0000000000000000E+000                  0.0000000000000000E+000                  0.0000000000000000E+000                  0.0000000000000000E+000                  0.0000000000000000E+000                  0.0000000000000000E+000                  0.0000000000000000E+000                  0.0000000000000000E+000                 -9.8999999999999986E+001                  6.6225890006694277E+000                  1.4486032902756654E-001                  1.4891946202252248E+001                  1.4891946202252248E+001                  1.4486032902756654E-001                  6.6225890006694277E+000                  6.2123282737348684E-001                  8.5000496627239308E-001                  1.2966429887664324E+000                  1.9140644410658169E+001                  0.0000000000000000E+000                  0.0000000000000000E+000                  6.9999999999955287E-001                  2.7997020236474879E-001                  3.4468833607861193E-003                  9.3805276451495393E-003                  3.4468833607861292E-003                  9.3805276451495497E-003                  6.9999999994938533E-001                  2.7997020234451958E-001                  3.1099181863913676E-013                 -1.2507251035946195E+001                 -1.0590792316266400E+001                  1.7782327574055581E+048                  6.3627002947057736E-010                 -9.8999999999999986E+001                                        0                                        3                                        3                  0.0000000000000000E+000                  0.0000000000000000E+000 
                                      90                                      701                  6.6877821244671566E+002                  2.0471308982386081E+000                  9.9999999955267738E-001                  3.3298505910166398E+001                 -1.2174719963353153E+001                  0.0000000000000000E+000                  9.9999999926399996E-001                  4.2779599646968598E-002                  0.0000000000000000E+000                  0.0000000000000000E+000                  9.9999999926399996E-001                  4.2779599646968598E-002                  0.0000000000000000E+000                  0.0000000000000000E+000                 -4.9252571768479090E+000                 -9.8999999999999986E+001                 -9.8999999999999986E+001                 -4.9252571768479090E+000                 -6.3230091727186029E+000                 -6.3230091727186029E+000                 -9.8999999999999986E+001                 -4.9252571769581603E+000                 -1.4520658865004343E+001                 -9.8999999999999986E+001                  1.3032971549886852E+023                  2.6982109453004971E+010                  0.0000000000000000E+000                  4.9970274013584022E+023                  3.0381329481977283E+024                  0.0000000000000000E+000                  0.0000000000000000E+000                  3.4386532646913649E-045                  0.0000000000000000E+000                  0.0000000000000000E+000                  6.5440670055557274E+023                  0.0000000000000000E+000                  0.0000000000000000E+000                  0.0000000000000000E+000                  0.0000000000000000E+000                  1.2169782856817973E+019                  1.2169782856817973E+019                  0.0000000000000000E+000                  0.0000000000000000E+000                  0.0000000000000000E+000                  0.0000000000000000E+000                  0.0000000000000000E+000                  0.0000000000000000E+000                  0.0000000000000000E+000                  0.0000000000000000E+000                  7.3219470763672192E+016                  0.0000000000000000E+000                  0.0000000000000000E+000                  0.0000000000000000E+000                  2.4788683080655845E+029                  4.2552936466431706E+033                 -2.0000000000000000E+001                 -2.0000000000000000E+001                 -2.0000000000000000E+001                 -2.0000000000000000E+001                 -2.0000000000000000E+001                 -2.0000000000000000E+001                 -2.0000000000000000E+001                 -2.0000000000000000E+001                  0.0000000000000000E+000                  0.0000000000000000E+000                  0.0000000000000000E+000                  0.0000000000000000E+000                  0.0000000000000000E+000                  1.1268755826466896E+007                  3.6416877547694972E+000                  5.3884858594834856E-002                  2.6622008062291985E-001                  3.9056274658630237E+000                  0.0000000000000000E+000                  0.0000000000000000E+000                  0.0000000000000000E+000                  0.0000000000000000E+000                  0.0000000000000000E+000                  0.0000000000000000E+000                  0.0000000000000000E+000                  0.0000000000000000E+000                  0.0000000000000000E+000                 -9.8999999999999986E+001                  6.6226222905248884E+000                  1.4497686675542742E-001                  1.4892096051625174E+001                  1.4892096051625174E+001                  1.4497686675542742E-001                  6.6226222905248884E+000                  6.2123280918073065E-001                  8.5000496627161815E-001                  1.2966429887690372E+000                  1.9140397591811368E+001                  0.0000000000000000E+000                  0.0000000000000000E+000                  6.9999999999722895E-001                  2.7997020236474879E-001                  3.4468833607861167E-003                  9.3805276451495393E-003                  3.4468833607861271E-003                  9.3805276451495445E-003                  6.9999999968664905E-001                  2.7997020223951191E-001                  3.1115209234178684E-013                 -1.2507027274257087E+001                 -1.0539719011103790E+001                  1.7783849237188343E+048                  6.3613146446444022E-010                 -9.8999999999999986E+001                                        0                                        5                                        5                  0.0000000000000000E+000                  0.0000000000000000E+000 
                                     100                                      701                  4.1408986761007136E+003                  2.8389433587148560E+000                  9.9999999723257116E-001                  3.3298505909158791E+001                 -1.2175371742812919E+001                  0.0000000000000000E+000                  9.9999999926399996E-001                  4.2966481064650994E-002                  0.0000000000000000E+000                  0.0000000000000000E+000                  9.9999999926399996E-001                  4.2966481064650994E-002                  0.0000000000000000E+000                  0.0000000000000000E+000                 -4.9230443291131989E+000                 -9.8999999999999986E+001                 -2.0470039705150718E+001                 -4.9230443291131989E+000                 -6.3207961667128734E+000                 -6.3207961667128734E+000                 -9.8999999999999986E+001                 -4.9230443292246431E+000                 -1.4513769741847698E+001                 -9.8999999999999986E+001                  1.3229446307441569E+023                  2.7681958275705040E+010                  0.0000000000000000E+000                  5.0373768897397690E+023                  3.0822076596951857E+024                  0.0000000000000000E+000                  0.0000000000000000E+000                  3.5851816620456095E-045                  0.0000000000000000E+000                  0.0000000000000000E+000                  6.6487012785772062E+023                  0.0000000000000000E+000                  0.0000000000000000E+000                  0.0000000000000000E+000                  0.0000000000000000E+000                  1.2383398020965188E+019                  1.2383398020965188E+019                  0.0000000000000000E+000                  0.0000000000000000E+000                  0.0000000000000000E+000                  0.0000000000000000E+000                  0.0000000000000000E+000                  0.0000000000000000E+000                  0.0000000000000000E+000                  0.0000000000000000E+000                  7.4609666002827040E+016                  0.0000000000000000E+000                  0.0000000000000000E+000                  0.0000000000000000E+000                  2.4949259391078706E+029                  4.2770305694304668E+033                 -2.0000000000000000E+001                 -2.0000000000000000E+001                 -2.0000000000000000E+001                 -2.0000000000000000E+001                 -2.0000000000000000E+001                 -2.0000000000000000E+001                 -2.0000000000000000E+001                 -2.0000000000000000E+001                  0.0000000000000000E+000                  0.0000000000000000E+000                  0.0000000000000000E+000                  0.0000000000000000E+000                  0.0000000000000000E+000                  1.1289064295306364E+007                  3.6416663316564146E+000                  5.3334974504595456E-002                  2.6598798480396463E-001                  3.9060916564933246E+000                  0.0000000000000000E+000                  0.0000000000000000E+000                  0.0000000000000000E+000                  0.0000000000000000E+000                  0.0000000000000000E+000                  0.0000000000000000E+000                  0.0000000000000000E+000                  0.0000000000000000E+000                  0.0000000000000000E+000                 -9.8999999999999986E+001                  6.6228281494081891E+000                  1.4569774824864795E-001                  1.4893022926283756E+001                  1.4893022926283756E+001                  1.4569774824864795E-001                  6.6228281494081891E+000                  6.2123269668924175E-001                  8.5000496626680755E-001                  1.2966429887852129E+000                  1.9138870441102529E+001                  0.0000000000000000E+000                  0.0000000000000000E+000                  6.9999999998279727E-001                  2.7997020236474879E-001                  3.4468833607861154E-003                  9.3805276451495393E-003                  3.4468833607861284E-003                  9.3805276451495462E-003                  6.9999999806140334E-001                  2.7997020158995117E-001                  3.3426725243074422E-013                 -1.2475906168382773E+001                 -1.0493762029804884E+001                  1.7793263414906571E+048                  6.3533565587612466E-010                 -9.8999999999999986E+001                                        0                                        5                                        5                  0.0000000000000000E+000                  0.0000000000000000E+000 
                                     110                                      701                  2.5639353413867542E+004                  3.6307558191911045E+000                  9.9999998295102321E-001                  3.3298505902956393E+001                 -1.2179384594874445E+001                  0.0000000000000000E+000                  9.9999999926399996E-001                  4.3713699485507136E-002                  0.0000000000000000E+000                  0.0000000000000000E+000                  9.9999999926399996E-001                  4.3713699485507136E-002                  0.0000000000000000E+000                  0.0000000000000000E+000                 -4.9094476439587824E+000                 -9.8999999999999986E+001                 -9.8999999999999986E+001                 -4.9094476439587824E+000                 -6.3071985027912723E+000                 -6.3071985027912723E+000                 -9.8999999999999986E+001                 -4.9094476440778303E+000                 -1.4471512543266492E+001                 -9.8999999999999986E+001                  1.4501179854871202E+023                  3.2392657494995342E+010                  0.0000000000000000E+000                  5.2923730089263532E+023                  3.3669309976953660E+024                  0.0000000000000000E+000                  0.0000000000000000E+000                  4.6308299382999878E-045                  0.0000000000000000E+000                  0.0000000000000000E+000                  7.3281402794134230E+023                  0.0000000000000000E+000                  0.0000000000000000E+000                  0.0000000000000000E+000                  0.0000000000000000E+000                  1.3778105652379357E+019                  1.3778105652379357E+019                  0.0000000000000000E+000                  0.0000000000000000E+000                  0.0000000000000000E+000                  0.0000000000000000E+000                  0.0000000000000000E+000                  0.0000000000000000E+000                  0.0000000000000000E+000                  0.0000000000000000E+000                  8.3732165394311440E+016                  0.0000000000000000E+000                  0.0000000000000000E+000                  0.0000000000000000E+000                  2.5959336332359064E+029                  4.4130501612259817E+033                 -2.0000000000000000E+001                 -2.0000000000000000E+001                 -2.0000000000000000E+001                 -2.0000000000000000E+001                 -2.0000000000000000E+001                 -2.0000000000000000E+001                 -2.0000000000000000E+001                 -2.0000000000000000E+001                  0.0000000000000000E+000                  0.0000000000000000E+000                  0.0000000000000000E+000                  0.0000000000000000E+000                  0.0000000000000000E+000                  1.1414762217429193E+007                  3.6415342788026122E+000                  4.9952947390859807E-002                  2.6456107695470266E-001                  3.9089454659894511E+000                  0.0000000000000000E+000                  0.0000000000000000E+000                  0.0000000000000000E+000                  0.0000000000000000E+000                  0.0000000000000000E+000                  0.0000000000000000E+000                  0.0000000000000000E+000                  0.0000000000000000E+000                  0.0000000000000000E+000                 -9.8999999999999986E+001                  6.6240915666810016E+000                  1.5013656109667825E-001                  1.4898725944351380E+001                  1.4898725944351380E+001                  1.5013656109667825E-001                  6.6240915666810016E+000                  6.2123200682567792E-001                  8.5000496623647404E-001                  1.2966429888872117E+000                  1.9129443578219075E+001                  0.0000000000000000E+000                  0.0000000000000000E+000                  6.9999999989179618E-001                  2.7997020236474879E-001                  3.4468833607861128E-003                  9.3805276451495393E-003                  3.4468833607861284E-003                  9.3805276451495462E-003                  6.9999998805691976E-001                  2.7997019759154335E-001                  3.3295291150969262E-013                 -1.2477617183062875E+001                 -1.0453448205941619E+001                  1.7851266109548414E+048                  6.3016887858177514E-010                 -9.8999999999999986E+001                                        0                                        3                                        3                  0.0000000000000000E+000                  0.0000000000000000E+000 
                                     120                                      703                  1.5875211863901626E+005                  4.4225682796673524E+000                  9.9999989758694008E-001                  3.3298505865883243E+001                 -1.2203403291115073E+001                  0.0000000000000000E+000                  9.9999999932650008E-001                  5.2933650871599278E-002                  0.0000000000000000E+000                  0.0000000000000000E+000                  9.9999999932650008E-001                  5.2933650871599278E-002                  0.0000000000000000E+000                  0.0000000000000000E+000                 -4.8290183556015078E+000                 -9.8999999999999986E+001                 -2.0293948446095037E+001                 -4.8290183556015078E+000                 -6.2267632010379881E+000                 -6.2267632010379881E+000                 -9.8999999999999986E+001                 -4.8290183557764133E+000                 -1.4223998537376755E+001                 -9.8999999999999986E+001                  2.4829927601086015E+023                  8.1063871145446960E+010                  0.0000000000000000E+000                  7.0800326633605141E+023                  5.6513296741106353E+024                  0.0000000000000000E+000                  0.0000000000000000E+000                  2.0660967653810595E-044                  0.0000000000000000E+000                  0.0000000000000000E+000                  1.2957055165526299E+024                  0.0000000000000000E+000                  0.0000000000000000E+000                  0.0000000000000000E+000                  0.0000000000000000E+000                  2.5733517769136374E+019                  2.5733517769136374E+019                  0.0000000000000000E+000                  0.0000000000000000E+000                  0.0000000000000000E+000                  0.0000000000000000E+000                  0.0000000000000000E+000                  0.0000000000000000E+000                  0.0000000000000000E+000                  0.0000000000000000E+000                  1.6443743818666374E+017                  0.0000000000000000E+000                  0.0000000000000000E+000                  0.0000000000000000E+000                  3.2842536548365943E+029                  5.3108871535250480E+033                 -2.0000000000000000E+001                 -2.0000000000000000E+001                 -2.0000000000000000E+001                 -2.0000000000000000E+001                 -2.0000000000000000E+001                 -2.0000000000000000E+001                 -2.0000000000000000E+001                 -2.0000000000000000E+001                  0.0000000000000000E+000                  0.0000000000000000E+000                  0.0000000000000000E+000                  0.0000000000000000E+000                  0.0000000000000000E+000                  1.2191668104446981E+007                  3.6407365183395166E+000                  2.9825042525441246E-002                  2.5609264544818394E-001                  3.9258822919293359E+000                  0.0000000000000000E+000                  0.0000000000000000E+000                  0.0000000000000000E+000                  0.0000000000000000E+000                  0.0000000000000000E+000                  0.0000000000000000E+000                  0.0000000000000000E+000                  0.0000000000000000E+000                  0.0000000000000000E+000                 -9.8999999999999986E+001                  6.6315050435807903E+000                  1.7671900997251505E-001                  1.4932725167643571E+001                  1.4932725167643571E+001                  1.7671900997251505E-001                  6.6315050435807903E+000                  6.2122797447287059E-001                  8.5000496602680786E-001                  1.2966429895922273E+000                  1.9072127309859955E+001                  0.0000000000000000E+000                  0.0000000000000000E+000                  6.9999999926279821E-001                  2.7997020236474879E-001                  3.4468833607861080E-003                  9.3805276451495393E-003                  3.4468833607861284E-003                  9.3805276451495445E-003                  6.9999992825037094E-001                  2.7997017369214378E-001                  3.1184641950960432E-013                 -1.2506059237972151E+001                 -1.0422609316747947E+001                  1.8199918083130106E+048                  6.0044083845716709E-010                 -9.8999999999999986E+001                                        0                                        5                                        5                  0.0000000000000000E+000                  0.0000000000000000E+000 
                                     130                                      706                  9.8295127536994929E+005                  5.2143807401436009E+000                  9.9999945920187094E-001                  3.3298505675494965E+001                 -1.2326967343576019E+001                  0.0000000000000000E+000                  9.9999999951400009E-001                  1.2135603206352945E-001                  0.0000000000000000E+000                  0.0000000000000000E+000                  9.9999999951400009E-001                  1.2135603206352945E-001                  0.0000000000000000E+000                  0.0000000000000000E+000                 -4.4363767131449983E+000                 -9.8999999999999986E+001                 -9.8999999999999986E+001                 -4.4363767131449983E+000                 -5.8340854806557445E+000                 -5.8340854806557445E+000                 -9.8999999999999986E+001                 -4.4363767141625621E+000                 -1.3066599515165196E+001                 -9.8999999999999986E+001                  3.0806162335417067E+024                  5.6708407085579434E+012                  0.0000000000000000E+000                  2.8556769228319185E+024                  6.4053815426761723E+025                  0.0000000000000000E+000                  0.0000000000000000E+000                  2.0661833668439667E-041                  0.0000000000000000E+000                  0.0000000000000000E+000                  1.8616477426035577E+025                  0.0000000000000000E+000                  0.0000000000000000E+000                  0.0000000000000000E+000                  0.0000000000000000E+000                  4.7445220465904773E+020                  4.7445220465904773E+020                  0.0000000000000000E+000                  0.0000000000000000E+000                  0.0000000000000000E+000                  0.0000000000000000E+000                  0.0000000000000000E+000                  0.0000000000000000E+000                  0.0000000000000000E+000                  0.0000000000000000E+000                  3.8111064759119923E+018                  0.0000000000000000E+000                  0.0000000000000000E+000                  0.0000000000000000E+000                  1.0484507259361874E+030                  1.3116025166932117E+034                 -2.0000000000000000E+001                 -2.0000000000000000E+001                 -2.0000000000000000E+001                 -2.0000000000000000E+001                 -2.0000000000000000E+001                 -2.0000000000000000E+001                 -2.0000000000000000E+001                 -2.0000000000000000E+001                  0.0000000000000000E+000                  0.0000000000000000E+000                  0.0000000000000000E+000                  0.0000000000000000E+000                  0.0000000000000000E+000                  1.6928803709445026E+007                  3.6365382346829609E+000                 -7.0815014902429113E-002                  2.1416918404736068E-001                  4.0097290243427048E+000                  0.0000000000000000E+000                  0.0000000000000000E+000                  0.0000000000000000E+000                  0.0000000000000000E+000                  0.0000000000000000E+000                  0.0000000000000000E+000                  0.0000000000000000E+000                  0.0000000000000000E+000                  0.0000000000000000E+000                 -9.8999999999999986E+001                  6.6662247240905836E+000                  3.1535782276930235E-001                  1.5106067405719696E+001                  1.5106067405719696E+001                  3.1535782276930235E-001                  6.6662247240905836E+000                  6.2120900353693342E-001                  8.5000496369655487E-001                  1.2966429974278579E+000                  1.8750939596718634E+001                  0.0000000000000000E+000                  0.0000000000000000E+000                  6.9999999227203891E-001                  2.7997020236474895E-001                  3.4468833607859866E-003                  9.3805276451495393E-003                  3.4468833607861284E-003                  9.3805276451495462E-003                  6.9999962076758726E-001                  2.7997005095738736E-001                  3.1828085508125339E-013                 -1.2497189483850335E+001                 -1.0429355990871498E+001                  2.0050013173514119E+048                  4.7431471154955835E-010                 -9.8999999999999986E+001                                        0                                        5                                        5                  0.0000000000000000E+000                  0.0000000000000000E+000 
                                     140                                      716                  5.3498273347920962E+006                  5.8509835118282050E+000                  9.9999817001792723E-001                  3.3298505115608826E+001                 -1.2664098506691438E+001                  0.0000000000000000E+000                  9.9999999982650012E-001                  4.0990564612485308E-001                  0.0000000000000000E+000                  0.0000000000000000E+000                  9.9999999982650012E-001                  4.0990564612485308E-001                  0.0000000000000000E+000                  0.0000000000000000E+000                 -3.4038246896015716E+000                 -9.8999999999999986E+001                 -1.9265919722494793E+001                 -3.4038246896015716E+000                 -4.8013312946351485E+000                 -4.8013312946351485E+000                 -9.8999999999999986E+001                 -3.4038247590257891E+000                 -1.0200098043939049E+001                 -9.8999999999999986E+001                  1.5826433465590439E+027                  1.9754862136580502E+017                  0.0000000000000000E+000                  9.8450512130424861E+025                  2.6558416064866206E+028                  0.0000000000000000E+000                  0.0000000000000000E+000                  5.0852607843838459E-034                  0.0000000000000000E+000                  0.0000000000000000E+000                  1.3688923722576280E+028                  0.0000000000000000E+000                  0.0000000000000000E+000                  0.0000000000000000E+000                  0.0000000000000000E+000                  6.4079568055207129E+023                  6.4079568055207129E+023                  0.0000000000000000E+000                  0.0000000000000000E+000                  0.0000000000000000E+000                  0.0000000000000000E+000                  0.0000000000000000E+000                  0.0000000000000000E+000                  0.0000000000000000E+000                  0.0000000000000000E+000                  9.0080356222167700E+021                  0.0000000000000000E+000                  0.0000000000000000E+000                  0.0000000000000000E+000                  2.5645995628009398E+031                  1.4135713800918173E+035                 -2.0000000000000000E+001                 -2.0000000000000000E+001                 -2.0000000000000000E+001                 -2.0000000000000000E+001                 -2.0000000000000000E+001                 -2.0000000000000000E+001                 -2.0000000000000000E+001                 -2.0000000000000000E+001                  0.0000000000000000E+000                  0.0000000000000000E+000                  0.0000000000000000E+000                  0.0000000000000000E+000                  0.0000000000000000E+000                  3.7441360500816159E+007                  3.6299437006653421E+000                 -3.0942537470487580E-001                  1.0805307218137436E-001                  4.2219606881885410E+000                  0.0000000000000000E+000                  0.0000000000000000E+000                  0.0000000000000000E+000                  0.0000000000000000E+000                  0.0000000000000000E+000                  0.0000000000000000E+000                  0.0000000000000000E+000                  0.0000000000000000E+000                  0.0000000000000000E+000                 -9.8999999999999986E+001                  6.7555460902828308E+000                  7.5476435608069004E-001                  1.5634739972644118E+001                  1.5634739972644118E+001                  7.5476435608069004E-001                  6.7555460902828308E+000                  6.2115977463797156E-001                  8.5000488422191667E-001                  1.2966432646665795E+000                  1.7616575345443540E+001                  0.0000000000000000E+000                  0.0000000000000000E+000                  6.9999975384821367E-001                  2.7997020236489051E-001                  3.4468833605628716E-003                  9.3805276451495549E-003                  3.4468833607861284E-003                  9.3805276451495462E-003                  6.9999869378727553E-001                  2.7996969002430172E-001                  3.1839476442743548E-013                 -1.2497034082262788E+001                 -1.0509849909212440E+001                  2.6322858663948245E+048                  2.4795998761285896E-010                 -9.8999999999999986E+001                                        0                                        4                                        4                  0.0000000000000000E+000                  0.0000000000000000E+000 
                                     150                                      731                  1.4225791449524533E+007                  5.9657887358890367E+000                  9.9999668371373995E-001                  3.3298504470113457E+001                 -1.2804056632640654E+001                  0.0000000000000000E+000                  9.9999999984212495E-001                  7.3859726565602146E-001                  0.0000000000000000E+000                  0.0000000000000000E+000                  9.9999999984212495E-001                  7.3859726565602146E-001                  0.0000000000000000E+000                  0.0000000000000000E+000                 -2.2564298504198907E+000                 -9.8999999999999986E+001                 -1.7760769744174890E+001                 -2.2564298504198903E+000                 -3.6532524194768312E+000                 -3.6532524194768312E+000                 -9.8999999999999986E+001                 -2.2564398776183525E+000                 -6.8930395645739724E+000                 -9.8999999999999986E+001                  2.3280878766418673E+030                  4.4033342495204384E+022                  0.0000000000000000E+000                  5.7397046509700755E+027                  3.3809938429557651E+031                  0.0000000000000000E+000                  0.0000000000000000E+000                  2.6484866421899459E-025                  0.0000000000000000E+000                  0.0000000000000000E+000                  2.7756115658610984E+031                  0.0000000000000000E+000                  0.0000000000000000E+000                  0.0000000000000000E+000                  0.0000000000000000E+000                  2.6750390146839303E+027                  2.6750390146839303E+027                  0.0000000000000000E+000                  0.0000000000000000E+000                  0.0000000000000000E+000                  0.0000000000000000E+000                  0.0000000000000000E+000                  0.0000000000000000E+000                  0.0000000000000000E+000                  0.0000000000000000E+000                  7.3257287366946569E+025                  0.0000000000000000E+000                  0.0000000000000000E+000                  0.0000000000000000E+000                  1.0499257006820968E+033                  1.9840964245993327E+036                 -2.0000000000000000E+001                 -2.0000000000000000E+001                 -2.0000000000000000E+001                 -2.0000000000000000E+001                 -2.0000000000000000E+001                 -2.0000000000000000E+001                 -2.0000000000000000E+001                 -2.0000000000000000E+001                  0.0000000000000000E+000                  0.0000000000000000E+000                  0.0000000000000000E+000                  0.0000000000000000E+000                  0.0000000000000000E+000                  4.7212586152754486E+007                  3.6590377436334292E+000                 -3.3777162413247103E-001                  3.5691861531403898E-002                  4.3666824639931141E+000                  0.0000000000000000E+000                  0.0000000000000000E+000                  0.0000000000000000E+000                  0.0000000000000000E+000                  0.0000000000000000E+000                  0.0000000000000000E+000                  0.0000000000000000E+000                  0.0000000000000000E+000                  0.0000000000000000E+000                 -9.8999999999999986E+001                  6.8711671296392893E+000                  1.2925166713423490E+000                  1.6289148986511314E+001                  1.6289148986511314E+001                  1.2925166713423490E+000                  6.8711671296392893E+000                  6.2113547630613175E-001                  8.5000297189492624E-001                  1.2966496949104538E+000                  1.6265892839540776E+001                  0.0000000000000000E+000                  0.0000000000000000E+000                  6.9999401706026221E-001                  2.7997020264235362E-001                  3.4468827091746414E-003                  9.3805276452368046E-003                  3.4468833607861292E-003                  9.3805276451495445E-003                  6.9999706596977485E-001                  2.7996927391028759E-001                  2.5213791060961884E-013                 -1.2598361850353948E+001                 -1.0457700714327574E+001                  3.5714416882280076E+048                  1.0814335987087828E-010                 -9.8999999999999986E+001                                        0                                        4                                        4                  0.0000000000000000E+000                  0.0000000000000000E+000 
                                     160                                      748                  2.5971233767605565E+007                  6.0792826576744465E+000                  9.9999434905098172E-001                  3.3298503456177762E+001                 -1.2593677285601366E+001                  0.0000000000000000E+000                  9.9999999992650024E-001                  9.3368747852680933E-001                  0.0000000000000000E+000                  0.0000000000000000E+000                  9.9999999992650024E-001                  9.3368747852680933E-001                  0.0000000000000000E+000                  0.0000000000000000E+000                 -8.0507185523812141E-001                 -5.1511774552110126E+001                 -9.8999999999999986E+001                 -8.0507185523812164E-001                 -2.2509314031477632E+000                 -2.2509314033724750E+000                 -1.1537089418494736E+001                 -8.1192962413463521E-001                 -2.6100976934733211E+000                 -5.1511774552110126E+001                  9.1652711223482701E+034                  1.5870808214444602E+030                  7.4397983549275381E-010                  2.6285206652202297E+030                  3.5202223521541114E+036                  1.0108089814505443E-013                  3.3559691415364172E-026                  1.2724612281961229E-013                  0.0000000000000000E+000                  0.0000000000000000E+000                  5.3228141837206477E+035                  0.0000000000000000E+000                  0.0000000000000000E+000                  0.0000000000000000E+000                  0.0000000000000000E+000                  2.5659481931502230E+032                  1.5619818770677792E+031                  8.9049987270870951E-009                  0.0000000000000000E+000                  0.0000000000000000E+000                  0.0000000000000000E+000                  0.0000000000000000E+000                  0.0000000000000000E+000                  0.0000000000000000E+000                  0.0000000000000000E+000                  9.1118584032610615E+030                  0.0000000000000000E+000                  0.0000000000000000E+000                  0.0000000000000000E+000                  8.1091337038872245E+034                  4.8127241740649866E+037                 -2.0000000000000000E+001                 -2.0000000000000000E+001                 -2.0000000000000000E+001                 -2.0000000000000000E+001                 -2.0000000000000000E+001                 -2.0000000000000000E+001                 -2.0000000000000000E+001                 -2.0000000000000000E+001                  0.0000000000000000E+000                  0.0000000000000000E+000                  0.0000000000000000E+000                  0.0000000000000000E+000                  0.0000000000000000E+000                  2.7807060360357720E+007                  3.7350831958165500E+000                 -8.3110565979885143E-002                  1.0931486241454711E-002                  4.4162022006373132E+000                  0.0000000000000000E+000                  0.0000000000000000E+000                  0.0000000000000000E+000                  0.0000000000000000E+000                  0.0000000000000000E+000                  0.0000000000000000E+000                  0.0000000000000000E+000                  0.0000000000000000E+000                  0.0000000000000000E+000                 -9.8999999999999986E+001                  7.0502896902557453E+000                  1.8452014811223907E+000                  1.7024380678464688E+001                  1.7024380678464688E+001                  1.8452014811223907E+000                  7.0502896902557453E+000                  6.2118912748119293E-001                  8.4994640006426447E-001                  1.2968239140093103E+000                  1.5219990135135774E+001                  0.0000000000000000E+000                  0.0000000000000000E+000                  6.9984468106359665E-001                  2.8000834643279049E-001                  3.4311912949719810E-003                  9.3805273612724768E-003                  3.4468833607861279E-003                  9.3805276451495445E-003                  6.9997960949986704E-001                  2.7996926729181548E-001                  2.1856442846703321E-013                 -1.2660420518404345E+001                 -1.0589101285575955E+001                  5.2018819075452128E+048                  5.5484075658908565E-011                 -9.8999999999999986E+001                                        0                                        5                                        5                  0.0000000000000000E+000                  0.0000000000000000E+000 
                                     170                                      784                  6.3360465708043568E+007                  6.8710951181506950E+000                  9.9998600955108574E-001                  3.3298499834343403E+001                 -1.2702178676429304E+001                  3.8783049293963631E-002                  3.8430210459120061E-002                  7.8131121944800417E-008                  9.9999999996400046E-001                  9.7096850622460673E-001                  3.8430210459120061E-002                  7.8131121944800417E-008                  9.9999999996400046E-001                  9.7096850622460673E-001                 -1.5479454909794438E-001                 -4.7018607013926072E+001                 -1.5477468515471340E+001                 -1.5479454909794416E-001                 -1.7491851272731485E+000                 -1.7491851328527894E+000                 -9.6403631851990959E+000                 -1.8399107276550056E-001                 -1.3417641970808467E+000                 -4.7018607013926072E+001                  1.9226017921595764E+036                  4.2891016162536216E+032                  6.4046381738333503E-003                  1.5779442016234615E+031                  5.3207343967580154E+037                  3.1465644402436687E-009                  1.1786945287935406E-020                  6.7904713932719466E-009                  0.0000000000000000E+000                  0.0000000000000000E+000                  9.8127663571570731E+036                  0.0000000000000000E+000                  0.0000000000000000E+000                  0.0000000000000000E+000                  0.0000000000000000E+000                  5.2733096013504295E+034                  3.8685921197990836E+031                  6.2429307605971044E-004                  0.0000000000000000E+000                  0.0000000000000000E+000                  0.0000000000000000E+000                  0.0000000000000000E+000                  0.0000000000000000E+000                  0.0000000000000000E+000                  0.0000000000000000E+000                  8.0067734325319238E+032                  0.0000000000000000E+000                  0.0000000000000000E+000                  0.0000000000000000E+000                  2.4854922085065630E+035                  1.2625879847288416E+038                 -2.0000000000000000E+001                 -2.0000000000000000E+001                 -2.0000000000000000E+001                 -2.0000000000000000E+001                 -2.0000000000000000E+001                 -2.0000000000000000E+001                 -2.0000000000000000E+001                 -2.0000000000000000E+001                  0.0000000000000000E+000                  0.0000000000000000E+000                  0.0000000000000000E+000                  0.0000000000000000E+000                  0.0000000000000000E+000                  3.7712432267275371E+007                  3.7488972945265293E+000                 -1.5291623919995129E-001                 -5.1599547788537765E-002                  4.5412606468629422E+000                  0.0000000000000000E+000                  0.0000000000000000E+000                  0.0000000000000000E+000                  0.0000000000000000E+000                  0.0000000000000000E+000                  0.0000000000000000E+000                  0.0000000000000000E+000                  0.0000000000000000E+000                  0.0000000000000000E+000                 -9.8999999999999986E+001                  7.1337983581777547E+000                  1.9002705550648060E+000                  1.7162299520786817E+001                  1.7162299520786817E+001                  1.9002705550648060E+000                  7.1337983581777547E+000                  6.2215664797529679E-001                  8.4895202901318434E-001                  1.2994651678652056E+000                  1.5461776866383508E+001                  0.0000000000000000E+000                  0.0000000000000000E+000                  6.9788249719725770E-001                  2.8169393645752316E-001                  1.2934390366277808E-003                  9.3803394093619711E-003                  3.4468833607861275E-003                  9.3805276451495480E-003                  6.9968427844445669E-001                  2.8015803837960507E-001                  2.6739976434489339E-013                 -1.2572838979810598E+001                 -1.0601868704850030E+001                  5.9488847081001307E+048                  3.5639581191017655E-011                 -9.8999999999999986E+001                                        0                                        5                                        5                  0.0000000000000000E+000                  0.0000000000000000E+000 
                                     180                                      767                  2.9486473491921496E+008                  7.6629075786269434E+000                  9.9993828656910810E-001                  3.3298479107731126E+001                 -1.2679855239588179E+001                  0.0000000000000000E+000                  9.9999999996400046E-001                  9.7245975279077324E-001                  0.0000000000000000E+000                  0.0000000000000000E+000                  9.9999999996400046E-001                  9.7245975279077324E-001                  0.0000000000000000E+000                  0.0000000000000000E+000                 -1.3592377928383328E-001                 -4.6860421914196607E+001                 -9.8999999999999986E+001                 -1.3592377928383342E-001                 -1.7898679156077368E+000                 -1.7898679222193163E+000                 -9.6073470058867816E+000                 -1.4101833560738417E-001                 -2.0691465106426095E+000                 -4.6860421914196607E+001                  2.1676049036992579E+036                  4.6034938097255570E+032                  9.4893969985453179E-005                  1.9119971729837373E+031                  6.2313794704050015E+037                  4.5292024134481663E-009                  1.4827644008560355E-020                  8.4106197199423348E-009                  0.0000000000000000E+000                  0.0000000000000000E+000                  1.7409090831843038E+036                  0.0000000000000000E+000                  0.0000000000000000E+000                  0.0000000000000000E+000                  0.0000000000000000E+000                  8.6066799525026691E+034                  5.4847579124513002E+031                  1.0948409788373535E-003                  0.0000000000000000E+000                  0.0000000000000000E+000                  0.0000000000000000E+000                  0.0000000000000000E+000                  0.0000000000000000E+000                  0.0000000000000000E+000                  0.0000000000000000E+000                  8.9150273646511243E+032                  0.0000000000000000E+000                  0.0000000000000000E+000                  0.0000000000000000E+000                  2.6935189817770140E+035                  1.3237818579801233E+038                 -2.0000000000000000E+001                 -2.0000000000000000E+001                 -2.0000000000000000E+001                 -2.0000000000000000E+001                 -2.0000000000000000E+001                 -2.0000000000000000E+001                 -2.0000000000000000E+001                 -2.0000000000000000E+001                  0.0000000000000000E+000                  0.0000000000000000E+000                  0.0000000000000000E+000                  0.0000000000000000E+000                  0.0000000000000000E+000                  3.5874006616000369E+007                  3.7508660406216348E+000                 -1.3584910703666053E-001                 -4.7003473897102140E-002                  4.5320477724677914E+000                  0.0000000000000000E+000                  0.0000000000000000E+000                  0.0000000000000000E+000                  0.0000000000000000E+000                  0.0000000000000000E+000                  0.0000000000000000E+000                  0.0000000000000000E+000                  0.0000000000000000E+000                  0.0000000000000000E+000                 -9.8999999999999986E+001                  7.1345046976897679E+000                  1.9283527240329328E+000                  1.7186004828220316E+001                  1.7186004828220316E+001                  1.9283527240329328E+000                  7.1345046976897679E+000                  6.2978148471421613E-001                  8.4110498463249816E-001                  1.3197366748897525E+000                  1.5189503797717309E+001                  0.0000000000000000E+000                  0.0000000000000000E+000                  6.8219492068750154E-001                  2.9718848089024402E-001                  1.4916054122440390E-005                  9.3761927544231648E-003                  3.4468833607861262E-003                  9.3805276451495462E-003                  6.9792972409794840E-001                  2.8167026580708970E-001                  2.4842588539746630E-013                 -1.2604803153666262E+001                 -1.0562037536394012E+001                  5.9838307117667185E+048                  3.5781785902789200E-011                 -9.8999999999999986E+001                                        0                                       10                                       10                  0.0000000000000000E+000                  0.0000000000000000E+000 
                                     190                                      766                  1.4370424437461936E+009                  8.1395676270186126E+000                  9.9968683739053010E-001                  3.3298369884267181E+001                 -1.2638422563780136E+001                  0.0000000000000000E+000                  9.9999999996400046E-001                  9.7402026251068441E-001                  0.0000000000000000E+000                  0.0000000000000000E+000                  9.9999999996400046E-001                  9.7402026251068441E-001                  0.0000000000000000E+000                  0.0000000000000000E+000                 -1.0252962992445931E-001                 -4.5816237709108691E+001                 -1.5352529778863040E+001                 -1.0252962992445908E-001                 -1.7623191277058039E+000                 -1.7623191373495586E+000                 -9.4158572831983331E+000                 -1.0453649597474353E-001                 -2.4387986016888088E+000                 -4.5816237709108691E+001                  3.4391392279297056E+036                  1.0844469474962830E+033                  1.4369533468683460E-003                  2.0468347875116350E+031                  6.7878678173858932E+037                  5.0142494455189086E-008                  1.4078940647094338E-019                  5.9224746834480132E-008                  0.0000000000000000E+000                  0.0000000000000000E+000                  5.8389736363985941E+035                  0.0000000000000000E+000                  0.0000000000000000E+000                  0.0000000000000000E+000                  0.0000000000000000E+000                  1.6141534360651854E+035                  9.2963041628163808E+031                  6.6775042878297270E-003                  0.0000000000000000E+000                  0.0000000000000000E+000                  0.0000000000000000E+000                  0.0000000000000000E+000                  0.0000000000000000E+000                  0.0000000000000000E+000                  0.0000000000000000E+000                  1.6965224474144038E+033                  0.0000000000000000E+000                  0.0000000000000000E+000                  0.0000000000000000E+000                  2.9671119722318582E+035                  1.4069278456132071E+038                 -2.0000000000000000E+001                 -2.0000000000000000E+001                 -2.0000000000000000E+001                 -2.0000000000000000E+001                 -2.0000000000000000E+001                 -2.0000000000000000E+001                 -2.0000000000000000E+001                 -2.0000000000000000E+001                  0.0000000000000000E+000                  0.0000000000000000E+000                  0.0000000000000000E+000                  0.0000000000000000E+000                  0.0000000000000000E+000                  3.2368668981319297E+007                  3.7536928269331384E+000                 -1.0245566152508216E-001                 -3.5960323764320991E-002                  4.5098522487382882E+000                  0.0000000000000000E+000                  0.0000000000000000E+000                  0.0000000000000000E+000                  0.0000000000000000E+000                  0.0000000000000000E+000                  0.0000000000000000E+000                  0.0000000000000000E+000                  0.0000000000000000E+000                  0.0000000000000000E+000                 -9.8999999999999986E+001                  7.1477742363648451E+000                  1.9847276721082767E+000                  1.7226256522334765E+001                  1.7226256522334765E+001                  1.9847276721082767E+000                  7.1477742363648451E+000                  6.7405967156129520E-001                  7.9885583371699076E-001                  1.4401820080442462E+000                  1.4131038739972729E+001                  0.0000000000000000E+000                  0.0000000000000000E+000                  5.9770094315172684E-001                  3.8170075240602480E-001                  1.5918247112254117E-005                  9.3349602574550900E-003                  3.4468833607861219E-003                  9.3805276451495480E-003                  6.8917987257800550E-001                  2.8987407458133979E-001                  1.8625078826101325E-013                 -1.2729901880530360E+001                 -1.0529598220493176E+001                  6.0180552798857066E+048                  3.6731409712574355E-011                 -9.8999999999999986E+001                                        0                                       10                                       10                  0.0000000000000000E+000                  0.0000000000000000E+000 
                                     200                                      771                  2.7581218543904762E+009                  8.1116574229195102E+000                  9.9936211542234032E-001                  3.3298228792214402E+001                 -1.2585577685922759E+001                  0.0000000000000000E+000                  9.9999999996400046E-001                  9.7594374910321480E-001                  0.0000000000000000E+000                  0.0000000000000000E+000                  9.9999999996400046E-001                  9.7594374910321480E-001                  0.0000000000000000E+000                  0.0000000000000000E+000                 -6.3331526871210089E-002                 -4.4548188558986837E+001                 -9.8999999999999986E+001                 -6.3331526871210089E-002                 -1.7119021580674028E+000                 -1.7119021726126575E+000                 -9.1869651431867041E+000                 -6.5784249082816743E-002                 -2.3126932580865107E+000                 -4.4548188558986837E+001                  5.9510146185222863E+036                  3.0398055341721408E+033                  4.5441963751476348E-002                  2.0877526565175069E+031                  7.2337338797712404E+037                  9.2951218061017372E-007                  2.4541239353750661E-018                  6.9859100829802861E-007                  0.0000000000000000E+000                  0.0000000000000000E+000                  6.1157199964162518E+035                  0.0000000000000000E+000                  0.0000000000000000E+000                  0.0000000000000000E+000                  0.0000000000000000E+000                  3.4804822836992111E+035                  1.7892634342251074E+032                  6.5868242696605309E-002                  0.0000000000000000E+000                  0.0000000000000000E+000                  0.0000000000000000E+000                  0.0000000000000000E+000                  0.0000000000000000E+000                  0.0000000000000000E+000                  0.0000000000000000E+000                  3.8842282128408139E+033                  0.0000000000000000E+000                  0.0000000000000000E+000                  0.0000000000000000E+000                  3.3283529196868869E+035                  1.5119169653649874E+038                 -2.0000000000000000E+001                 -2.0000000000000000E+001                 -2.0000000000000000E+001                 -2.0000000000000000E+001                 -2.0000000000000000E+001                 -2.0000000000000000E+001                 -2.0000000000000000E+001                 -2.0000000000000000E+001                  0.0000000000000000E+000                  0.0000000000000000E+000                  0.0000000000000000E+000                  0.0000000000000000E+000                  0.0000000000000000E+000                  2.8643980835409727E+007                  3.7566836194725557E+000                 -6.3261749648977600E-002                 -2.2344952905104132E-002                  4.4824804149670765E+000                  0.0000000000000000E+000                  0.0000000000000000E+000                  0.0000000000000000E+000                  0.0000000000000000E+000                  0.0000000000000000E+000                  0.0000000000000000E+000                  0.0000000000000000E+000                  0.0000000000000000E+000                  0.0000000000000000E+000                 -9.8999999999999986E+001                  7.1652651890292773E+000                  2.0576133183944600E+000                  1.7278561361874466E+001                  1.7278561361874466E+001                  2.0576133183944600E+000                  7.1652651890292773E+000                  7.3611485195932458E-001                  7.4822273712854603E-001                  1.6170439614759307E+000                  1.2851371330327634E+001                  0.0000000000000000E+000                  0.0000000000000000E+000                  4.9643878721728230E-001                  4.8298830690279604E-001                  1.7540486210285247E-005                  9.2308285629876755E-003                  3.4468833607861171E-003                  9.3805276451495462E-003                  6.7830879115407494E-001                  3.0027715491511764E-001                  3.6629860317234616E-013                 -1.2436164737452568E+001                 -1.0499059561379879E+001                  6.0602671234776439E+048                  3.7966354618411665E-011                 -9.8999999999999986E+001                                        0                                       10                                       10                  0.0000000000000000E+000                  0.0000000000000000E+000 
                                     210                                      772                  4.0149428421273208E+009                  8.0878675356446870E+000                  9.9901229620348020E-001                  3.3298076744072596E+001                 -1.2530467513455109E+001                  0.0000000000000000E+000                  9.9999999996087552E-001                  9.7766983624870152E-001                  0.0000000000000000E+000                  0.0000000000000000E+000                  9.9999999996087552E-001                  9.7766983624870152E-001                  0.0000000000000000E+000                  0.0000000000000000E+000                 -2.3099238670943337E-002                 -4.3235524023511928E+001                 -1.5954589770191003E+001                 -2.3099238670943285E-002                 -1.6515594921810148E+000                 -1.6515595133532330E+000                 -8.9635774507085628E+000                 -2.7386201861582360E-002                 -2.0308755138358090E+000                 -4.3235524023511928E+001                  1.0153899719556527E+037                  8.4371148540833347E+033                  1.7294444518996399E+000                  2.0903147832868651E+031                  7.5560129706347398E+037                  1.9094998155006783E-005                  5.2639710143696857E-017                  9.6889693260887468E-006                  0.0000000000000000E+000                  0.0000000000000000E+000                  1.0074051457142474E+036                  0.0000000000000000E+000                  0.0000000000000000E+000                  0.0000000000000000E+000                  0.0000000000000000E+000                  7.9326271304811568E+035                  3.8375960829982846E+032                  7.6876343816749548E-001                  0.0000000000000000E+000                  0.0000000000000000E+000                  0.0000000000000000E+000                  0.0000000000000000E+000                  0.0000000000000000E+000                  0.0000000000000000E+000                  0.0000000000000000E+000                  9.3576110867254166E+033                  0.0000000000000000E+000                  0.0000000000000000E+000                  0.0000000000000000E+000                  3.7125364483365576E+035                  1.6142730030324170E+038                 -2.0000000000000000E+001                 -2.0000000000000000E+001                 -2.0000000000000000E+001                 -2.0000000000000000E+001                 -2.0000000000000000E+001                 -2.0000000000000000E+001                 -2.0000000000000000E+001                 -2.0000000000000000E+001                  0.0000000000000000E+000                  0.0000000000000000E+000                  0.0000000000000000E+000                  0.0000000000000000E+000                  0.0000000000000000E+000                  2.5207904956987076E+007                  3.7592537589257686E+000                 -2.3039880057418784E-002                 -7.3742970157492883E-003                  4.4523870550465547E+000                  0.0000000000000000E+000                  0.0000000000000000E+000                  0.0000000000000000E+000                  0.0000000000000000E+000                  0.0000000000000000E+000                  0.0000000000000000E+000                  0.0000000000000000E+000                  0.0000000000000000E+000                  0.0000000000000000E+000                 -9.8999999999999986E+001                  7.1846931329000698E+000                  2.1378747773294871E+000                  1.7336467610398074E+001                  1.7336467610398074E+001                  2.1378747773294871E+000                  7.1846931329000698E+000                  8.1086833592842511E-001                  6.9752059828398316E-001                  1.8437656890938194E+000                  1.1554977009936339E+001                  0.0000000000000000E+000                  0.0000000000000000E+000                  3.9503747019544494E-001                  5.8442897412763894E-001                  1.9903591765457927E-005                  8.9902337612610683E-003                  3.4468833607861180E-003                  9.3805276451495480E-003                  6.6700308854078938E-001                  3.1115872838301289E-001                  2.1262982502640359E-013                 -1.2672375818195052E+001                 -1.0469733383081591E+001                  6.0995199110612300E+048                  3.9448813739166472E-011                 -9.8999999999999986E+001                                        0                                       10                                       10                  0.0000000000000000E+000                  0.0000000000000000E+000 
                                     220                                      773                  5.1919233482389956E+009                  8.0553033634452795E+000                  9.9863950392210488E-001                  3.3297914652127872E+001                 -1.2473547541545049E+001                  0.0000000000000000E+000                  9.9999999995775057E-001                  9.7905632269546150E-001                  0.0000000000000000E+000                  0.0000000000000000E+000                  9.9999999995775057E-001                  9.7905632269546150E-001                  0.0000000000000000E+000                  0.0000000000000000E+000                  1.7475877746751665E-002                 -4.1862435718492456E+001                 -9.8999999999999986E+001                  1.7475877746751665E-002                 -1.5802762671385910E+000                 -1.5802762966813915E+000                 -8.7476089343046564E+000                  8.6620081838146793E-003                 -1.6795412961806948E+000                 -4.1862435718492456E+001                  1.6673135236960203E+037                  2.2183637926577033E+034                  8.0558829443296020E+001                  2.0522399668850930E+031                  7.6624790036313449E+037                  4.5082493190948947E-004                  1.4130201375739873E-015                  1.5797791228973704E-004                  0.0000000000000000E+000                  0.0000000000000000E+000                  2.0984625059754828E+036                  0.0000000000000000E+000                  0.0000000000000000E+000                  0.0000000000000000E+000                  0.0000000000000000E+000                  1.9093617436810916E+036                  8.9108515548129102E+032                  1.0966047362172983E+001                  0.0000000000000000E+000                  0.0000000000000000E+000                  0.0000000000000000E+000                  0.0000000000000000E+000                  0.0000000000000000E+000                  0.0000000000000000E+000                  0.0000000000000000E+000                  2.3187836567474947E+034                  0.0000000000000000E+000                  0.0000000000000000E+000                  0.0000000000000000E+000                  4.0718116005198741E+035                  1.6986067088168242E+038                 -2.0000000000000000E+001                 -2.0000000000000000E+001                 -2.0000000000000000E+001                 -2.0000000000000000E+001                 -2.0000000000000000E+001                 -2.0000000000000000E+001                 -2.0000000000000000E+001                 -2.0000000000000000E+001                  0.0000000000000000E+000                  0.0000000000000000E+000                  0.0000000000000000E+000                  0.0000000000000000E+000                  0.0000000000000000E+000                  2.2097893410138108E+007                  3.7612407197232951E+000                  1.7517197285784696E-002                  8.9303200607986945E-003                  4.4196157289487399E+000                  0.0000000000000000E+000                  0.0000000000000000E+000                  0.0000000000000000E+000                  0.0000000000000000E+000                  0.0000000000000000E+000                  0.0000000000000000E+000                  0.0000000000000000E+000                  0.0000000000000000E+000                  0.0000000000000000E+000                 -9.8999999999999986E+001                  7.2061969078799226E+000                  2.2263620482139421E+000                  1.7399999522175200E+001                  1.7399999522175200E+001                  2.2263620482139421E+000                  7.2061969078799226E+000                  9.0300443414095555E-001                  6.4657907831304318E-001                  2.1460399654043352E+000                  1.0235346603147750E+001                  0.0000000000000000E+000                  0.0000000000000000E+000                  2.9315646643261628E-001                  6.8638625590529956E-001                  2.3839547242802407E-005                  8.4341258804792631E-003                  3.4468833607861175E-003                  9.3805276451495480E-003                  6.5537759018188879E-001                  3.2237025810157671E-001                  1.6421526465437385E-013                 -1.2784586475431944E+001                 -1.0441276627125591E+001                  6.1304742324893039E+048                  4.1401976362027910E-011                 -9.8999999999999986E+001                                        0                                       10                                       10                  0.0000000000000000E+000                  0.0000000000000000E+000 
                                     230                                      775                  6.2725990017448111E+009                  8.0140438641052665E+000                  9.9824909515296822E-001                  3.3297744835567890E+001                 -1.2416349389855100E+001                  0.0000000000000000E+000                  9.9999999995462552E-001                  9.7988200819899529E-001                  0.0000000000000000E+000                  0.0000000000000000E+000                  9.9999999995462552E-001                  9.7988200819899529E-001                  0.0000000000000000E+000                  0.0000000000000000E+000                  5.7105747545895126E-002                 -4.0423033639109981E+001                 -1.5352529778863040E+001                  5.7105747545895293E-002                 -1.4979644333734758E+000                 -1.4979644729176986E+000                 -8.5386657182202672E+000                  3.7115281689497785E-002                 -1.2898125425176179E+000                 -4.0423033639109981E+001                  2.5081174475910303E+037                  5.0184745201980073E+034                  4.6122428239784986E+003                  1.9661024161686289E+031                  7.4687194355360816E+037                  1.2399666516101514E-002                  4.7379418830659584E-014                  2.9197629832074428E-003                  0.0000000000000000E+000                  0.0000000000000000E+000                  4.9831260456753689E+036                  0.0000000000000000E+000                  0.0000000000000000E+000                  0.0000000000000000E+000                  0.0000000000000000E+000                  4.8134822736094448E+036                  2.2122147274311668E+033                  1.9709115397986017E+002                  0.0000000000000000E+000                  0.0000000000000000E+000                  0.0000000000000000E+000                  0.0000000000000000E+000                  0.0000000000000000E+000                  0.0000000000000000E+000                  0.0000000000000000E+000                  5.6321805528064681E+034                  0.0000000000000000E+000                  0.0000000000000000E+000                  0.0000000000000000E+000                  4.3224498568050847E+035                  1.7431946883083733E+038                 -2.0000000000000000E+001                 -2.0000000000000000E+001                 -2.0000000000000000E+001                 -2.0000000000000000E+001                 -2.0000000000000000E+001                 -2.0000000000000000E+001                 -2.0000000000000000E+001                 -2.0000000000000000E+001                  0.0000000000000000E+000                  0.0000000000000000E+000                  0.0000000000000000E+000                  0.0000000000000000E+000                  0.0000000000000000E+000                  1.9367353776044138E+007                  3.7624712692187066E+000                  5.7118566994953379E-002                  2.6269905924560476E-002                  4.3847667406612327E+000                  0.0000000000000000E+000                  0.0000000000000000E+000                  0.0000000000000000E+000                  0.0000000000000000E+000                  0.0000000000000000E+000                  0.0000000000000000E+000                  0.0000000000000000E+000                  0.0000000000000000E+000                  0.0000000000000000E+000                 -9.8999999999999986E+001                  7.2298152060007377E+000                  2.3239468344359588E+000                  1.7469146275902542E+001                  1.7469146275902542E+001                  2.3239468344359588E+000                  7.2298152060007377E+000                  1.0190121060467776E+000                  5.9540248602829715E-001                  2.5690606620695342E+000                  8.9144558561729070E+000                  0.0000000000000000E+000                  0.0000000000000000E+000                  1.9080447568484457E-001                  7.8889012236418066E-001                  3.0999219896713190E-005                  7.2573181431010957E-003                  3.4468833607861154E-003                  9.3805276451495480E-003                  6.4364436708993256E-001                  3.3368958265056253E-001                  1.6572610885899378E-013                 -1.2780609066474069E+001                 -1.0414255983216306E+001                  6.1464593635575072E+048                  4.3987192883001994E-011                 -9.8999999999999986E+001                                        0                                       10                                       10                  0.0000000000000000E+000                  0.0000000000000000E+000 
                                     240                                      785                  7.2384869336498947E+009                  7.9595674238591743E+000                  9.9785214610059736E-001                  3.3297572106067250E+001                 -1.2361687816675403E+001                  0.0000000000000000E+000                  9.9999999995150046E-001                  9.7992800573178573E-001                  0.0000000000000000E+000                  0.0000000000000000E+000                  9.9999999995150046E-001                  9.7992800573178573E-001                  0.0000000000000000E+000                  0.0000000000000000E+000                  9.3506663884398225E-002                 -3.8917415960343668E+001                 -1.5352529778863040E+001                  9.3506663884398392E-002                 -1.4074003356330638E+000                 -1.4074003869196892E+000                 -8.3351805486366715E+000                  4.6611716569714648E-002                 -8.9638810187811646E-001                 -3.8917415960343668E+001                  3.2165396013309797E+037                  8.4593373747067408E+034                  3.1571698451694410E+005                  1.8317782604258395E+031                  6.9907757715468267E+037                  3.9721686908121207E-001                  1.9717595584261777E-012                  5.7384813189975313E-002                  0.0000000000000000E+000                  0.0000000000000000E+000                  1.2178814667716401E+037                  0.0000000000000000E+000                  0.0000000000000000E+000                  0.0000000000000000E+000                  0.0000000000000000E+000                  1.2031558010812603E+037                  5.4834552561040462E+033                  4.4937737585028053E+003                  0.0000000000000000E+000                  0.0000000000000000E+000                  0.0000000000000000E+000                  0.0000000000000000E+000                  0.0000000000000000E+000                  0.0000000000000000E+000                  0.0000000000000000E+000                  1.2172671924938385E+035                  0.0000000000000000E+000                  0.0000000000000000E+000                  0.0000000000000000E+000                  4.3316401165610946E+035                  1.7191614225707338E+038                 -2.0000000000000000E+001                 -2.0000000000000000E+001                 -2.0000000000000000E+001                 -2.0000000000000000E+001                 -2.0000000000000000E+001                 -2.0000000000000000E+001                 -2.0000000000000000E+001                 -2.0000000000000000E+001                  5.0875241495657530E-004                  0.0000000000000000E+000                  0.0000000000000000E+000                  0.0000000000000000E+000                  0.0000000000000000E+000                  1.7088553029484887E+007                  3.7627240349032256E+000                  9.3468612077997448E-002                  4.3939397097044350E-002                  4.3492550288156258E+000                  0.0000000000000000E+000                  0.0000000000000000E+000                  0.0000000000000000E+000                  0.0000000000000000E+000                  0.0000000000000000E+000                  0.0000000000000000E+000                  0.0000000000000000E+000                  0.0000000000000000E+000                  0.0000000000000000E+000                 -9.8999999999999986E+001                  7.2554060297191922E+000                  2.4283091448975451E+000                  1.7541051653484555E+001                  1.7541051653484555E+001                  2.4283091448975451E+000                  7.2554060297191922E+000                  1.1680995728315693E+000                  5.4395570519440006E-001                  3.2037348272707447E+000                  7.7090900705992347E+000                  0.0000000000000000E+000                  0.0000000000000000E+000                  8.7911355572244915E-002                  8.9201783806554913E-001                  4.2585649437617792E-005                  5.4065993303503215E-003                  3.4468833607861171E-003                  9.3805276451495480E-003                  6.3215320083055582E-001                  3.4476846811833123E-001                  2.9829106243066485E-013                 -1.2525359759025445E+001                 -1.0390240128809136E+001                  6.1377434168073396E+048                  4.7274252346278187E-011                 -9.8999999999999986E+001                                        0                                       10                                       10                  0.0000000000000000E+000                  0.0000000000000000E+000 
                                     250                                      795                  7.9301002646841936E+009                  7.6829300085734431E+000                  9.9753464904816680E-001                  3.3297433900061890E+001                 -1.2317743997860401E+001                  0.0000000000000000E+000                  9.9999999994525046E-001                  9.7925009866302604E-001                  0.0000000000000000E+000                  0.0000000000000000E+000                  9.9999999994525046E-001                  9.7925009866302604E-001                  0.0000000000000000E+000                  0.0000000000000000E+000                  1.2088849040649541E-001                 -3.7811391802124632E+001                 -9.8999999999999986E+001                  1.2088849040649541E-001                 -1.3360932180912355E+000                 -1.3360932812273008E+000                 -8.1736000485305809E+000                  4.0290148785613371E-002                 -6.5024582264235908E-001                 -3.7811391802124632E+001                  3.5085308150457654E+037                  1.0237188553693823E+035                  5.9390207601209646E+006                  1.7139364224990099E+031                  6.5566444017448723E+037                  5.0705123183716267E+000                  2.8739565482265380E-011                  4.6708002193862502E-001                  0.0000000000000000E+000                  0.0000000000000000E+000                  2.1397128327262660E+037                  0.0000000000000000E+000                  0.0000000000000000E+000                  0.0000000000000000E+000                  0.0000000000000000E+000                  2.1267234605070857E+037                  9.6499491615654243E+033                  4.4510061879821711E+004                  0.0000000000000000E+000                  0.0000000000000000E+000                  0.0000000000000000E+000                  0.0000000000000000E+000                  0.0000000000000000E+000                  0.0000000000000000E+000                  0.0000000000000000E+000                  1.8674562973678279E+035                  0.0000000000000000E+000                  0.0000000000000000E+000                  0.0000000000000000E+000                  4.1866578126758786E+035                  1.6618396475576235E+038                 -2.0000000000000000E+001                 -2.0000000000000000E+001                 -2.0000000000000000E+001                 -2.0000000000000000E+001                 -2.0000000000000000E+001                 -2.0000000000000000E+001                 -2.0000000000000000E+001                 -2.0000000000000000E+001                  7.7251793759309127E-003                  0.0000000000000000E+000                  0.0000000000000000E+000                  0.0000000000000000E+000                  0.0000000000000000E+000                  1.5509188051642008E+007                  3.7623413067122056E+000                  1.2085151885275888E-001                  5.8396306866465617E-002                  4.3202030032714207E+000                  0.0000000000000000E+000                  0.0000000000000000E+000                  0.0000000000000000E+000                  0.0000000000000000E+000                  0.0000000000000000E+000                  0.0000000000000000E+000                  0.0000000000000000E+000                  0.0000000000000000E+000                  0.0000000000000000E+000                 -9.8999999999999986E+001                  7.2709533915005844E+000                  2.5235636262763901E+000                  1.7609082036074675E+001                  1.7609082036074675E+001                  2.5235636262763901E+000                  7.2709533915005844E+000                  1.2917473729736466E+000                  5.1116237557880051E-001                  3.8025300161816413E+000                  6.6036110252410083E+000                  0.0000000000000000E+000                  0.0000000000000000E+000                  2.2324748966219360E-002                  9.5775290086859222E-001                  5.0903312494711426E-005                  4.2313029757731872E-003                  3.4468833607861149E-003                  9.3805276451495462E-003                  6.2327412988627051E-001                  3.5332045127137601E-001                  1.8290353459010347E-013                 -1.2737777901750782E+001                 -1.0362234186879206E+001                  6.1159507164959784E+048                  5.0539131227211596E-011                 -9.8999999999999986E+001                                        0                                       10                                       10                  0.0000000000000000E+000                  0.0000000000000000E+000 
                                     260                                      805                  8.3228798834215784E+009                  7.5420351626219198E+000                  9.9733870007728020E-001                  3.3297348581806368E+001                 -1.2288809321562647E+001                  0.0000000000000000E+000                  9.9999999994212552E-001                  9.7888117965401489E-001                  0.0000000000000000E+000                  0.0000000000000000E+000                  9.9999999994212552E-001                  9.7888117965401489E-001                  0.0000000000000000E+000                  0.0000000000000000E+000                  1.3945461192069594E-001                 -3.7358239636097110E+001                 -1.4808461734512765E+001                  1.3945461192069644E-001                 -1.2969579682796817E+000                 -1.2969580404764789E+000                 -8.0762243836400209E+000                  4.0518565664295139E-002                 -5.5150447378780099E-001                 -3.7358239636097110E+001                  3.6900204773460173E+037                  1.1388498533113036E+035                  1.6953559501972597E+007                  1.6588621113507933E+031                  6.3848461481363646E+037                  1.4394746071204793E+001                  7.7938988377432344E-011                  1.0683201566443177E+000                  0.0000000000000000E+000                  0.0000000000000000E+000                  2.6839827782146536E+037                  0.0000000000000000E+000                  0.0000000000000000E+000                  0.0000000000000000E+000                  0.0000000000000000E+000                  2.6714199723133044E+037                  1.2105103242573730E+034                  1.1039140889514048E+005                  0.0000000000000000E+000                  0.0000000000000000E+000                  0.0000000000000000E+000                  0.0000000000000000E+000                  0.0000000000000000E+000                  0.0000000000000000E+000                  0.0000000000000000E+000                  2.2485828380730762E+035                  0.0000000000000000E+000                  0.0000000000000000E+000                  0.0000000000000000E+000                  4.1621846759224010E+035                  1.6451356767244195E+038                 -2.0000000000000000E+001                 -2.0000000000000000E+001                 -2.0000000000000000E+001                 -2.0000000000000000E+001                 -2.0000000000000000E+001                 -2.0000000000000000E+001                 -2.0000000000000000E+001                 -2.0000000000000000E+001                  1.3576052679379407E-002                  0.0000000000000000E+000                  0.0000000000000000E+000                  0.0000000000000000E+000                  0.0000000000000000E+000                  1.4525276177615559E+007                  3.7621304721667972E+000                  1.3943309063095730E-001                  6.8108761846382052E-002                  4.3006927750560688E+000                  0.0000000000000000E+000                  0.0000000000000000E+000                  0.0000000000000000E+000                  0.0000000000000000E+000                  0.0000000000000000E+000                  0.0000000000000000E+000                  0.0000000000000000E+000                  0.0000000000000000E+000                  0.0000000000000000E+000                 -9.8999999999999986E+001                  7.2728687515970840E+000                  2.5850157692735500E+000                  1.7662398273911961E+001                  1.7662398273911961E+001                  2.5850157692735500E+000                  7.2728687515970840E+000                  1.3256192625145191E+000                  5.0324687797832546E-001                  3.9821989746183282E+000                  6.2282488979147823E+000                  0.0000000000000000E+000                  0.0000000000000000E+000                  6.4937557842880706E-003                  9.7361582158827242E-001                  5.2581145555352504E-005                  3.9781682409845290E-003                  3.4468833607861141E-003                  9.3805276451495445E-003                  6.1794655563607048E-001                  3.5844977831776936E-001                  2.3505436720531552E-013                 -1.2628831675402976E+001                 -1.0337710639731100E+001                  6.1091780998272527E+048                  5.2797294780083976E-011                 -9.8999999999999986E+001                                        0                                       10                                       10                  0.0000000000000000E+000                  0.0000000000000000E+000 
                                     270                                      808                  8.6414880449888077E+009                  7.4730964183052420E+000                  9.9716948890459900E-001                  3.3297274891982326E+001                 -1.2263202124341470E+001                  0.0000000000000000E+000                  9.9999999993587552E-001                  9.7850938579116498E-001                  0.0000000000000000E+000                  0.0000000000000000E+000                  9.9999999993587552E-001                  9.7850938579116498E-001                  0.0000000000000000E+000                  0.0000000000000000E+000                  1.5600878069599133E-001                 -3.7046099305062413E+001                 -9.8999999999999986E+001                  1.5600878069599133E-001                 -1.2647604385910087E+000                 -1.2647605195354619E+000                 -7.9943576966584420E+000                  4.1970106942886123E-002                 -4.8049572975340832E-001                 -3.7046099305062413E+001                  3.8537074298180551E+037                  1.2595169206243844E+035                  3.3697491742851488E+007                  1.6148681474059316E+031                  6.2576319477030974E+037                  2.9535500806880798E+001                  1.5199951435929715E-010                  1.9109425844421659E+000                  0.0000000000000000E+000                  0.0000000000000000E+000                  3.1594252323768283E+037                  0.0000000000000000E+000                  0.0000000000000000E+000                  0.0000000000000000E+000                  0.0000000000000000E+000                  3.1470992718289944E+037                  1.4248197402280058E+034                  2.0475510465498231E+005                  0.0000000000000000E+000                  0.0000000000000000E+000                  0.0000000000000000E+000                  0.0000000000000000E+000                  0.0000000000000000E+000                  0.0000000000000000E+000                  0.0000000000000000E+000                  2.5988324900522159E+035                  0.0000000000000000E+000                  0.0000000000000000E+000                  0.0000000000000000E+000                  4.1588461800134724E+035                  1.6359764601705501E+038                 -2.0000000000000000E+001                 -2.0000000000000000E+001                 -2.0000000000000000E+001                 -2.0000000000000000E+001                 -2.0000000000000000E+001                 -2.0000000000000000E+001                 -2.0000000000000000E+001                 -2.0000000000000000E+001                  1.8537732067930097E-002                  0.0000000000000000E+000                  0.0000000000000000E+000                  0.0000000000000000E+000                  0.0000000000000000E+000                  1.3697682565996151E+007                  3.7618780097426674E+000                  1.5598308837400812E-001                  7.6888685566166640E-002                  4.2830592377924575E+000                  0.0000000000000000E+000                  0.0000000000000000E+000                  0.0000000000000000E+000                  0.0000000000000000E+000                  0.0000000000000000E+000                  0.0000000000000000E+000                  0.0000000000000000E+000                  0.0000000000000000E+000                  0.0000000000000000E+000                 -9.8999999999999986E+001                  7.2732551695731971E+000                  2.6372151246724584E+000                  1.7713041540754396E+001                  1.7713041540754396E+001                  2.6372151246724584E+000                  7.2732551695731971E+000                  1.3356439828864755E+000                  5.0098123439892828E-001                  4.0367950027261781E+000                  6.0513106716321063E+000                  0.0000000000000000E+000                  0.0000000000000000E+000                  1.9624687824356260E-003                  9.7815591562267035E-001                  5.3086514374995010E-005                  3.9083895723160617E-003                  3.4468833607861136E-003                  9.3805276451495480E-003                  6.1343839200356443E-001                  3.6278872573042065E-001                  2.6417683026789006E-013                 -1.2578105275018451E+001                 -1.0316584970961197E+001                  6.1043688097712159E+048                  5.4928995757845493E-011                 -9.8999999999999986E+001                                        0                                       10                                       10                  0.0000000000000000E+000                  0.0000000000000000E+000 
                                     280                                      817                  8.9167029845472736E+009                  7.4118680718351495E+000                  9.9701478774715946E-001                  3.3297207510186233E+001                 -1.2239393843423210E+001                  0.0000000000000000E+000                  9.9999999993587541E-001                  9.7804616342025519E-001                  0.0000000000000000E+000                  0.0000000000000000E+000                  9.9999999993587541E-001                  9.7804616342025519E-001                  0.0000000000000000E+000                  0.0000000000000000E+000                  1.7127412550714213E-001                 -3.6789737170970355E+001                 -1.5176438519807359E+001                  1.7127412550714233E-001                 -1.2360640374557323E+000                 -1.2360641271486534E+000                 -7.9210902256802509E+000                  4.3221320834659106E-002                 -4.2157543599488240E-001                 -3.6789737170970355E+001                  4.0001585717648614E+037                  1.3861945469093997E+035                  5.8978264930599272E+007                  1.5744638933638189E+031                  6.1421329561961739E+037                  5.3297455209550570E+001                  2.6336531908578482E-010                  3.1130239291787611E+000                  0.0000000000000000E+000                  0.0000000000000000E+000                  3.6174101916245005E+037                  0.0000000000000000E+000                  0.0000000000000000E+000                  0.0000000000000000E+000                  0.0000000000000000E+000                  3.6053196082667056E+037                  1.6314394342950949E+034                  3.3915053362016066E+005                  0.0000000000000000E+000                  0.0000000000000000E+000                  0.0000000000000000E+000                  0.0000000000000000E+000                  0.0000000000000000E+000                  0.0000000000000000E+000                  0.0000000000000000E+000                  2.9434866079284086E+035                  0.0000000000000000E+000                  0.0000000000000000E+000                  0.0000000000000000E+000                  4.1553623451920157E+035                  1.6276740482874113E+038                 -2.0000000000000000E+001                 -2.0000000000000000E+001                 -2.0000000000000000E+001                 -2.0000000000000000E+001                 -2.0000000000000000E+001                 -2.0000000000000000E+001                 -2.0000000000000000E+001                 -2.0000000000000000E+001                  2.4829014965521576E-002                  0.0000000000000000E+000                  0.0000000000000000E+000                  0.0000000000000000E+000                  0.0000000000000000E+000                  1.2970192996590186E+007                  3.7615374446430989E+000                  1.7123959857195353E-001                  8.5198070864275596E-002                  4.2663730854001427E+000                  0.0000000000000000E+000                  0.0000000000000000E+000                  0.0000000000000000E+000                  0.0000000000000000E+000                  0.0000000000000000E+000                  0.0000000000000000E+000                  0.0000000000000000E+000                  0.0000000000000000E+000                  0.0000000000000000E+000                 -9.8999999999999986E+001                  7.2736577710800754E+000                  2.6851482481478111E+000                  1.7761821703894949E+001                  1.7761821703894949E+001                  2.6851482481478111E+000                  7.2736577710800754E+000                  1.3386979725461210E+000                  5.0029775910504826E-001                  4.0535601117613576E+000                  5.9410421558652473E+000                  0.0000000000000000E+000                  0.0000000000000000E+000                  5.9551820870148986E-004                  9.7952551881002803E-001                  5.3360740983958129E-005                  3.8875346354258762E-003                  3.4468833607861102E-003                  9.3805276451495480E-003                  6.0939238591017697E-001                  3.6668088817263045E-001                  1.9110593362290158E-013                 -1.2718725828383615E+001                 -1.0297236591532883E+001                  6.0987533145273892E+048                  5.7026479059242151E-011                 -9.8999999999999986E+001                                        0                                       10                                       10                  0.0000000000000000E+000                  0.0000000000000000E+000 
                                     290                                      823                  9.1556301150454082E+009                  7.3500219829457620E+000                  9.9687323826220797E-001                  3.3297145847585789E+001                 -1.2217376646397403E+001                  0.0000000000000000E+000                  9.9999999992962540E-001                  9.7748026306584035E-001                  0.0000000000000000E+000                  0.0000000000000000E+000                  9.9999999992962540E-001                  9.7748026306584035E-001                  0.0000000000000000E+000                  0.0000000000000000E+000                  1.8525434766829985E-001                 -3.6567592189686053E+001                 -1.5352529778863040E+001                  1.8525434766829998E-001                 -1.2102331644052811E+000                 -1.2102332628581545E+000                 -7.8547891294562406E+000                  4.3857445461844502E-002                 -3.7087205407918566E-001                 -3.6567592189686053E+001                  4.1265829967054547E+037                  1.5155191395905749E+035                  9.5896092580793768E+007                  1.5362619231631390E+031                  6.0316127210598617E+037                  8.8889702886181226E+001                  4.2548727007017799E-010                  4.7800118470152313E+000                  0.0000000000000000E+000                  0.0000000000000000E+000                  4.0644241609661655E+037                  0.0000000000000000E+000                  0.0000000000000000E+000                  0.0000000000000000E+000                  0.0000000000000000E+000                  4.0526111053398158E+037                  1.8326497723575628E+034                  5.2418226531372312E+005                  0.0000000000000000E+000                  0.0000000000000000E+000                  0.0000000000000000E+000                  0.0000000000000000E+000                  0.0000000000000000E+000                  0.0000000000000000E+000                  0.0000000000000000E+000                  3.2813430502871110E+035                  0.0000000000000000E+000                  0.0000000000000000E+000                  0.0000000000000000E+000                  4.1462446435237710E+035                  1.6185308917591718E+038                 -2.0000000000000000E+001                 -2.0000000000000000E+001                 -2.0000000000000000E+001                 -2.0000000000000000E+001                 -2.0000000000000000E+001                 -2.0000000000000000E+001                 -2.0000000000000000E+001                 -2.0000000000000000E+001                  2.9254611496051713E-002                  0.0000000000000000E+000                  0.0000000000000000E+000                  0.0000000000000000E+000                  0.0000000000000000E+000                  1.2332321673294287E+007                  3.7611255739974232E+000                  1.8520928371288622E-001                  9.3006654726094776E-002                  4.2506942550760654E+000                  0.0000000000000000E+000                  0.0000000000000000E+000                  0.0000000000000000E+000                  0.0000000000000000E+000                  0.0000000000000000E+000                  0.0000000000000000E+000                  0.0000000000000000E+000                  0.0000000000000000E+000                  0.0000000000000000E+000                 -9.8999999999999986E+001                  7.2742788457360250E+000                  2.7300237274506953E+000                  1.7808539770375774E+001                  1.7808539770375774E+001                  2.7300237274506953E+000                  7.2742788457360250E+000                  1.3396276379511627E+000                  5.0009031834064033E-001                  4.0586759414027966E+000                  5.8566297046651323E+000                  0.0000000000000000E+000                  0.0000000000000000E+000                  1.8063668115521342E-004                  9.7994123198612726E-001                  5.3601875898916308E-005                  3.8812029906944100E-003                  3.4468833607861119E-003                  9.3805276451495497E-003                  6.0575411455390027E-001                  3.7017871178459494E-001                  1.9610341902693604E-013                 -1.2707514834422028E+001                 -1.0278117796524942E+001                  6.0917224973843060E+048                  5.9194411836812302E-011                 -9.8999999999999986E+001                                        0                                       10                                       10                  0.0000000000000000E+000                  0.0000000000000000E+000 
                                     295                                      830                  9.2629236236595020E+009                  7.3190047200561974E+000                  9.9680726361681393E-001                  3.3297117104339897E+001                 -1.2207053428664617E+001                  0.0000000000000000E+000                  9.9999999992962529E-001                  9.7717944612426455E-001                  0.0000000000000000E+000                  0.0000000000000000E+000                  9.9999999992962529E-001                  9.7717944612426455E-001                  0.0000000000000000E+000                  0.0000000000000000E+000                  1.9175025091505477E-001                 -3.6465895482119208E+001                 -1.5051499783199059E+001                  1.9175025091505501E-001                 -1.1982983467494810E+000                 -1.1982984495604270E+000                 -7.8240433547074382E+000                  4.3877587970600242E-002                 -3.4798664300737031E-001                 -3.6465895482119208E+001                  4.1818230352199523E+037                  1.5796885245910513E+035                  1.1991571637063743E+008                  1.5177813680814791E+031                  5.9770801765637266E+037                  1.1234355488759834E+002                  5.3075824883147090E-010                  5.8261027795580622E+000                  0.0000000000000000E+000                  0.0000000000000000E+000                  4.2839159842048471E+037                  0.0000000000000000E+000                  0.0000000000000000E+000                  0.0000000000000000E+000                  0.0000000000000000E+000                  4.2722623119624562E+037                  1.9315481906576270E+034                  6.3947478304326080E+005                  0.0000000000000000E+000                  0.0000000000000000E+000                  0.0000000000000000E+000                  0.0000000000000000E+000                  0.0000000000000000E+000                  0.0000000000000000E+000                  0.0000000000000000E+000                  3.4460995443000660E+035                  0.0000000000000000E+000                  0.0000000000000000E+000                  0.0000000000000000E+000                  4.1387180430759259E+035                  1.6133764807586006E+038                 -2.0000000000000000E+001                 -2.0000000000000000E+001                 -2.0000000000000000E+001                 -2.0000000000000000E+001                 -2.0000000000000000E+001                 -2.0000000000000000E+001                 -2.0000000000000000E+001                 -2.0000000000000000E+001                  3.1640367634179184E-002                  0.0000000000000000E+000                  0.0000000000000000E+000                  0.0000000000000000E+000                  0.0000000000000000E+000                  1.2044405792120382E+007                  3.7608903082810041E+000                  1.9169691522042481E-001                  9.6721001912701679E-002                  4.2432368174569568E+000                  0.0000000000000000E+000                  0.0000000000000000E+000                  0.0000000000000000E+000                  0.0000000000000000E+000                  0.0000000000000000E+000                  0.0000000000000000E+000                  0.0000000000000000E+000                  0.0000000000000000E+000                  0.0000000000000000E+000                 -9.8999999999999986E+001                  7.2746730760636620E+000                  2.7513798794569930E+000                  1.7831014684344197E+001                  1.7831014684344197E+001                  2.7513798794569930E+000                  7.2746730760636620E+000                  1.3398096751919215E+000                  5.0004973192249003E-001                  4.0596783276712491E+000                  5.8178909992489380E+000                  0.0000000000000000E+000                  0.0000000000000000E+000                  9.9463844942545787E-005                  9.8002258019584354E-001                  5.3722151042105972E-005                  3.8799603716346419E-003                  3.4468833607861106E-003                  9.3805276451495480E-003                  6.0407938002170114E-001                  3.7178800698708575E-001                  2.0077083568438143E-013                 -1.2697299373306063E+001                 -1.0269120000452780E+001                  6.0876014416362631E+048                  6.0292543471784731E-011                 -9.8999999999999986E+001                                        0                                       10                                       10                  0.0000000000000000E+000                  0.0000000000000000E+000 
